xyz,AAll intrinsic (z=0) [Gpc^{-3} yr^{-1}],AAll observed (design LVK) [yr^{-1}],AAll: at least one spin >0.25 intrinsic (z=0) [Gpc^{-3} yr^{-1}],AAll: at least one spin >0.25 observed (design LVK) [yr^{-1}],ALVKM1 spinning > 0.25 intrinsic (z=0) [Gpc^{-3} yr^{-1}],ALVKM1 spinning > 0.25 observed (design LVK) [yr^{-1}],ALVKM2 spinning > 0.25 intrinsic (z=0) [Gpc^{-3} yr^{-1}],ALVKM2 spinning > 0.25 observed (design LVK) [yr^{-1}],BAll intrinsic (z=0) [Gpc^{-3} yr^{-1}],BAll observed (design LVK) [yr^{-1}],BAll: at least one spin >0.25 intrinsic (z=0) [Gpc^{-3} yr^{-1}],BAll: at least one spin >0.25 observed (design LVK) [yr^{-1}],BLVKM1 spinning > 0.25 intrinsic (z=0) [Gpc^{-3} yr^{-1}],BLVKM1 spinning > 0.25 observed (design LVK) [yr^{-1}],BLVKM2 spinning > 0.25 intrinsic (z=0) [Gpc^{-3} yr^{-1}],BLVKM2 spinning > 0.25 observed (design LVK) [yr^{-1}],CAll intrinsic (z=0) [Gpc^{-3} yr^{-1}],CAll observed (design LVK) [yr^{-1}],CAll: at least one spin >0.25 intrinsic (z=0) [Gpc^{-3} yr^{-1}],CAll: at least one spin >0.25 observed (design LVK) [yr^{-1}],CLVKM1 spinning > 0.25 intrinsic (z=0) [Gpc^{-3} yr^{-1}],CLVKM1 spinning > 0.25 observed (design LVK) [yr^{-1}],CLVKM2 spinning > 0.25 intrinsic (z=0) [Gpc^{-3} yr^{-1}],CLVKM2 spinning > 0.25 observed (design LVK) [yr^{-1}],DAll intrinsic (z=0) [Gpc^{-3} yr^{-1}],DAll observed (design LVK) [yr^{-1}],DAll: at least one spin >0.25 intrinsic (z=0) [Gpc^{-3} yr^{-1}],DAll: at least one spin >0.25 observed (design LVK) [yr^{-1}],DLVKM1 spinning > 0.25 intrinsic (z=0) [Gpc^{-3} yr^{-1}],DLVKM1 spinning > 0.25 observed (design LVK) [yr^{-1}],DLVKM2 spinning > 0.25 intrinsic (z=0) [Gpc^{-3} yr^{-1}],DLVKM2 spinning > 0.25 observed (design LVK) [yr^{-1}],EAll intrinsic (z=0) [Gpc^{-3} yr^{-1}],EAll observed (design LVK) [yr^{-1}],EAll: at least one spin >0.25 intrinsic (z=0) [Gpc^{-3} yr^{-1}],EAll: at least one spin >0.25 observed (design LVK) [yr^{-1}],ELVKM1 spinning > 0.25 intrinsic (z=0) [Gpc^{-3} yr^{-1}],ELVKM1 spinning > 0.25 observed (design LVK) [yr^{-1}],ELVKM2 spinning > 0.25 intrinsic (z=0) [Gpc^{-3} yr^{-1}],ELVKM2 spinning > 0.25 observed (design LVK) [yr^{-1}],FAll intrinsic (z=0) [Gpc^{-3} yr^{-1}],FAll observed (design LVK) [yr^{-1}],FAll: at least one spin >0.25 intrinsic (z=0) [Gpc^{-3} yr^{-1}],FAll: at least one spin >0.25 observed (design LVK) [yr^{-1}],FLVKM1 spinning > 0.25 intrinsic (z=0) [Gpc^{-3} yr^{-1}],FLVKM1 spinning > 0.25 observed (design LVK) [yr^{-1}],FLVKM2 spinning > 0.25 intrinsic (z=0) [Gpc^{-3} yr^{-1}],FLVKM2 spinning > 0.25 observed (design LVK) [yr^{-1}],GAll intrinsic (z=0) [Gpc^{-3} yr^{-1}],GAll observed (design LVK) [yr^{-1}],GAll: at least one spin >0.25 intrinsic (z=0) [Gpc^{-3} yr^{-1}],GAll: at least one spin >0.25 observed (design LVK) [yr^{-1}],GLVKM1 spinning > 0.25 intrinsic (z=0) [Gpc^{-3} yr^{-1}],GLVKM1 spinning > 0.25 observed (design LVK) [yr^{-1}],GLVKM2 spinning > 0.25 intrinsic (z=0) [Gpc^{-3} yr^{-1}],GLVKM2 spinning > 0.25 observed (design LVK) [yr^{-1}],HAll intrinsic (z=0) [Gpc^{-3} yr^{-1}],HAll observed (design LVK) [yr^{-1}],HAll: at least one spin >0.25 intrinsic (z=0) [Gpc^{-3} yr^{-1}],HAll: at least one spin >0.25 observed (design LVK) [yr^{-1}],HLVKM1 spinning > 0.25 intrinsic (z=0) [Gpc^{-3} yr^{-1}],HLVKM1 spinning > 0.25 observed (design LVK) [yr^{-1}],HLVKM2 spinning > 0.25 intrinsic (z=0) [Gpc^{-3} yr^{-1}],HLVKM2 spinning > 0.25 observed (design LVK) [yr^{-1}],IAll intrinsic (z=0) [Gpc^{-3} yr^{-1}],IAll observed (design LVK) [yr^{-1}],IAll: at least one spin >0.25 intrinsic (z=0) [Gpc^{-3} yr^{-1}],IAll: at least one spin >0.25 observed (design LVK) [yr^{-1}],ILVKM1 spinning > 0.25 intrinsic (z=0) [Gpc^{-3} yr^{-1}],ILVKM1 spinning > 0.25 observed (design LVK) [yr^{-1}],ILVKM2 spinning > 0.25 intrinsic (z=0) [Gpc^{-3} yr^{-1}],ILVKM2 spinning > 0.25 observed (design LVK) [yr^{-1}],JAll intrinsic (z=0) [Gpc^{-3} yr^{-1}],JAll observed (design LVK) [yr^{-1}],JAll: at least one spin >0.25 intrinsic (z=0) [Gpc^{-3} yr^{-1}],JAll: at least one spin >0.25 observed (design LVK) [yr^{-1}],JLVKM1 spinning > 0.25 intrinsic (z=0) [Gpc^{-3} yr^{-1}],JLVKM1 spinning > 0.25 observed (design LVK) [yr^{-1}],JLVKM2 spinning > 0.25 intrinsic (z=0) [Gpc^{-3} yr^{-1}],JLVKM2 spinning > 0.25 observed (design LVK) [yr^{-1}],KAll intrinsic (z=0) [Gpc^{-3} yr^{-1}],KAll observed (design LVK) [yr^{-1}],KAll: at least one spin >0.25 intrinsic (z=0) [Gpc^{-3} yr^{-1}],KAll: at least one spin >0.25 observed (design LVK) [yr^{-1}],KLVKM1 spinning > 0.25 intrinsic (z=0) [Gpc^{-3} yr^{-1}],KLVKM1 spinning > 0.25 observed (design LVK) [yr^{-1}],KLVKM2 spinning > 0.25 intrinsic (z=0) [Gpc^{-3} yr^{-1}],KLVKM2 spinning > 0.25 observed (design LVK) [yr^{-1}],LAll intrinsic (z=0) [Gpc^{-3} yr^{-1}],LAll observed (design LVK) [yr^{-1}],LAll: at least one spin >0.25 intrinsic (z=0) [Gpc^{-3} yr^{-1}],LAll: at least one spin >0.25 observed (design LVK) [yr^{-1}],LLVKM1 spinning > 0.25 intrinsic (z=0) [Gpc^{-3} yr^{-1}],LLVKM1 spinning > 0.25 observed (design LVK) [yr^{-1}],LLVKM2 spinning > 0.25 intrinsic (z=0) [Gpc^{-3} yr^{-1}],LLVKM2 spinning > 0.25 observed (design LVK) [yr^{-1}],MAll intrinsic (z=0) [Gpc^{-3} yr^{-1}],MAll observed (design LVK) [yr^{-1}],MAll: at least one spin >0.25 intrinsic (z=0) [Gpc^{-3} yr^{-1}],MAll: at least one spin >0.25 observed (design LVK) [yr^{-1}],MLVKM1 spinning > 0.25 intrinsic (z=0) [Gpc^{-3} yr^{-1}],MLVKM1 spinning > 0.25 observed (design LVK) [yr^{-1}],MLVKM2 spinning > 0.25 intrinsic (z=0) [Gpc^{-3} yr^{-1}],MLVKM2 spinning > 0.25 observed (design LVK) [yr^{-1}],NAll intrinsic (z=0) [Gpc^{-3} yr^{-1}],NAll observed (design LVK) [yr^{-1}],NAll: at least one spin >0.25 intrinsic (z=0) [Gpc^{-3} yr^{-1}],NAll: at least one spin >0.25 observed (design LVK) [yr^{-1}],NLVKM1 spinning > 0.25 intrinsic (z=0) [Gpc^{-3} yr^{-1}],NLVKM1 spinning > 0.25 observed (design LVK) [yr^{-1}],NLVKM2 spinning > 0.25 intrinsic (z=0) [Gpc^{-3} yr^{-1}],NLVKM2 spinning > 0.25 observed (design LVK) [yr^{-1}],OAll intrinsic (z=0) [Gpc^{-3} yr^{-1}],OAll observed (design LVK) [yr^{-1}],OAll: at least one spin >0.25 intrinsic (z=0) [Gpc^{-3} yr^{-1}],OAll: at least one spin >0.25 observed (design LVK) [yr^{-1}],OLVKM1 spinning > 0.25 intrinsic (z=0) [Gpc^{-3} yr^{-1}],OLVKM1 spinning > 0.25 observed (design LVK) [yr^{-1}],OLVKM2 spinning > 0.25 intrinsic (z=0) [Gpc^{-3} yr^{-1}],OLVKM2 spinning > 0.25 observed (design LVK) [yr^{-1}],PAll intrinsic (z=0) [Gpc^{-3} yr^{-1}],PAll observed (design LVK) [yr^{-1}],PAll: at least one spin >0.25 intrinsic (z=0) [Gpc^{-3} yr^{-1}],PAll: at least one spin >0.25 observed (design LVK) [yr^{-1}],PLVKM1 spinning > 0.25 intrinsic (z=0) [Gpc^{-3} yr^{-1}],PLVKM1 spinning > 0.25 observed (design LVK) [yr^{-1}],PLVKM2 spinning > 0.25 intrinsic (z=0) [Gpc^{-3} yr^{-1}],PLVKM2 spinning > 0.25 observed (design LVK) [yr^{-1}],QAll intrinsic (z=0) [Gpc^{-3} yr^{-1}],QAll observed (design LVK) [yr^{-1}],QAll: at least one spin >0.25 intrinsic (z=0) [Gpc^{-3} yr^{-1}],QAll: at least one spin >0.25 observed (design LVK) [yr^{-1}],QLVKM1 spinning > 0.25 intrinsic (z=0) [Gpc^{-3} yr^{-1}],QLVKM1 spinning > 0.25 observed (design LVK) [yr^{-1}],QLVKM2 spinning > 0.25 intrinsic (z=0) [Gpc^{-3} yr^{-1}],QLVKM2 spinning > 0.25 observed (design LVK) [yr^{-1}],RAll intrinsic (z=0) [Gpc^{-3} yr^{-1}],RAll observed (design LVK) [yr^{-1}],RAll: at least one spin >0.25 intrinsic (z=0) [Gpc^{-3} yr^{-1}],RAll: at least one spin >0.25 observed (design LVK) [yr^{-1}],RLVKM1 spinning > 0.25 intrinsic (z=0) [Gpc^{-3} yr^{-1}],RLVKM1 spinning > 0.25 observed (design LVK) [yr^{-1}],RLVKM2 spinning > 0.25 intrinsic (z=0) [Gpc^{-3} yr^{-1}],RLVKM2 spinning > 0.25 observed (design LVK) [yr^{-1}],SAll intrinsic (z=0) [Gpc^{-3} yr^{-1}],SAll observed (design LVK) [yr^{-1}],SAll: at least one spin >0.25 intrinsic (z=0) [Gpc^{-3} yr^{-1}],SAll: at least one spin >0.25 observed (design LVK) [yr^{-1}],SLVKM1 spinning > 0.25 intrinsic (z=0) [Gpc^{-3} yr^{-1}],SLVKM1 spinning > 0.25 observed (design LVK) [yr^{-1}],SLVKM2 spinning > 0.25 intrinsic (z=0) [Gpc^{-3} yr^{-1}],SLVKM2 spinning > 0.25 observed (design LVK) [yr^{-1}],TAll intrinsic (z=0) [Gpc^{-3} yr^{-1}],TAll observed (design LVK) [yr^{-1}],TAll: at least one spin >0.25 intrinsic (z=0) [Gpc^{-3} yr^{-1}],TAll: at least one spin >0.25 observed (design LVK) [yr^{-1}],TLVKM1 spinning > 0.25 intrinsic (z=0) [Gpc^{-3} yr^{-1}],TLVKM1 spinning > 0.25 observed (design LVK) [yr^{-1}],TLVKM2 spinning > 0.25 intrinsic (z=0) [Gpc^{-3} yr^{-1}],TLVKM2 spinning > 0.25 observed (design LVK) [yr^{-1}],UAll intrinsic (z=0) [Gpc^{-3} yr^{-1}],UAll observed (design LVK) [yr^{-1}],UAll: at least one spin >0.25 intrinsic (z=0) [Gpc^{-3} yr^{-1}],UAll: at least one spin >0.25 observed (design LVK) [yr^{-1}],ULVKM1 spinning > 0.25 intrinsic (z=0) [Gpc^{-3} yr^{-1}],ULVKM1 spinning > 0.25 observed (design LVK) [yr^{-1}],ULVKM2 spinning > 0.25 intrinsic (z=0) [Gpc^{-3} yr^{-1}],ULVKM2 spinning > 0.25 observed (design LVK) [yr^{-1}],VAll intrinsic (z=0) [Gpc^{-3} yr^{-1}],VAll observed (design LVK) [yr^{-1}],VAll: at least one spin >0.25 intrinsic (z=0) [Gpc^{-3} yr^{-1}],VAll: at least one spin >0.25 observed (design LVK) [yr^{-1}],VLVKM1 spinning > 0.25 intrinsic (z=0) [Gpc^{-3} yr^{-1}],VLVKM1 spinning > 0.25 observed (design LVK) [yr^{-1}],VLVKM2 spinning > 0.25 intrinsic (z=0) [Gpc^{-3} yr^{-1}],VLVKM2 spinning > 0.25 observed (design LVK) [yr^{-1}],WAll intrinsic (z=0) [Gpc^{-3} yr^{-1}],WAll observed (design LVK) [yr^{-1}],WAll: at least one spin >0.25 intrinsic (z=0) [Gpc^{-3} yr^{-1}],WAll: at least one spin >0.25 observed (design LVK) [yr^{-1}],WLVKM1 spinning > 0.25 intrinsic (z=0) [Gpc^{-3} yr^{-1}],WLVKM1 spinning > 0.25 observed (design LVK) [yr^{-1}],WLVKM2 spinning > 0.25 intrinsic (z=0) [Gpc^{-3} yr^{-1}],WLVKM2 spinning > 0.25 observed (design LVK) [yr^{-1}],XAll intrinsic (z=0) [Gpc^{-3} yr^{-1}],XAll observed (design LVK) [yr^{-1}],XAll: at least one spin >0.25 intrinsic (z=0) [Gpc^{-3} yr^{-1}],XAll: at least one spin >0.25 observed (design LVK) [yr^{-1}],XLVKM1 spinning > 0.25 intrinsic (z=0) [Gpc^{-3} yr^{-1}],XLVKM1 spinning > 0.25 observed (design LVK) [yr^{-1}],XLVKM2 spinning > 0.25 intrinsic (z=0) [Gpc^{-3} yr^{-1}],XLVKM2 spinning > 0.25 observed (design LVK) [yr^{-1}],YAll intrinsic (z=0) [Gpc^{-3} yr^{-1}],YAll observed (design LVK) [yr^{-1}],YAll: at least one spin >0.25 intrinsic (z=0) [Gpc^{-3} yr^{-1}],YAll: at least one spin >0.25 observed (design LVK) [yr^{-1}],YLVKM1 spinning > 0.25 intrinsic (z=0) [Gpc^{-3} yr^{-1}],YLVKM1 spinning > 0.25 observed (design LVK) [yr^{-1}],YLVKM2 spinning > 0.25 intrinsic (z=0) [Gpc^{-3} yr^{-1}],YLVKM2 spinning > 0.25 observed (design LVK) [yr^{-1}],ZAll intrinsic (z=0) [Gpc^{-3} yr^{-1}],ZAll observed (design LVK) [yr^{-1}],ZAll: at least one spin >0.25 intrinsic (z=0) [Gpc^{-3} yr^{-1}],ZAll: at least one spin >0.25 observed (design LVK) [yr^{-1}],ZLVKM1 spinning > 0.25 intrinsic (z=0) [Gpc^{-3} yr^{-1}],ZLVKM1 spinning > 0.25 observed (design LVK) [yr^{-1}],ZLVKM2 spinning > 0.25 intrinsic (z=0) [Gpc^{-3} yr^{-1}],ZLVKM2 spinning > 0.25 observed (design LVK) [yr^{-1}]
.0.0.0,33.520505216535526,278.87649088232206,0.2411862452187543,0.430147702652792,0.0199727358946738,0.0309808326198219,0.2212135093240805,0.3991668700329699,30.076858924995847,149.02587388507698,0.2432089353478136,0.4963534888158633,0.0456814589773394,0.0466428135527332,0.1975274763704742,0.44971067526313,36.558644680494126,190.9451253482638,0.1729262624504063,0.3912519553850476,0.0367392704295506,0.0444639962337025,0.1361869920208558,0.3467879591513486,46.79253132508585,272.5697332756528,0.1739947244321537,0.3316676228409276,0.0242587721062855,0.0572600273525677,0.1497359523258681,0.2744075954883606,33.382136551384505,283.057024673955,0.2210551266409446,0.4546085030843819,0.0051786608012774,0.0297348404615023,0.2158764658396671,0.4248736626228796,73.49354716083697,471.3463964680191,6.484801076777893,33.327528109509544,4.01846089431707,24.1937263058584,2.4663401824608235,9.133801803651146,21.19556890705769,224.1260445395204,0.1314091813549505,0.6098533780262378,0.045878049535266,0.3860101876396566,0.0855311318196845,0.2238431903865812,29.282971796337662,246.86142091333383,0.1282831495814689,0.8467564106889862,0.0119783296799429,0.3853602108268296,0.1163048199015259,0.4613961998621564,45.49784607853536,314.0473741890394,0.3883539992096971,0.4226767778363982,0.0570910333544816,0.0267504347122252,0.3312629658552155,0.3959263431241729,29.65158175124832,228.156384187309,0.0288150803101316,0.0311891239838821,0.0158429653215573,0.010034789449724,0.0129721149885743,0.0211543345341581,72.65391846048088,462.22970899655536,6.606521473943959,33.13431484690747,3.91838123878674,24.276312433033738,2.6881402351572192,8.85800241387373,36.4734725078722,287.5054099440654,0.2694465252853568,0.6967004235262113,0.0200628255726266,0.0629765116866705,0.2493836997127301,0.6337239118395409,39.50201560017084,285.867828565825,0.3035260021168149,0.4688252986643518,0.085996362441265,0.0626494330154592,0.2175296396755499,0.4061758656488926,30.10887122606691,277.49581666172776,0.2311626600672889,0.4750177177550087,0.0126652186622244,0.029059541254569,0.2184974414050645,0.4459581765004397,33.737449621781835,293.4635022534995,0.2400658512311431,0.4231710223063253,0.0182568814742294,0.03203919864729,0.2218089697569138,0.3911318236590351,38.60721507597757,281.1589852522138,0.3610820195351123,0.61585101030591,0.2297585172070341,0.3781405501034517,0.1313235023280781,0.2377104602024583,43.50739930775092,283.37825873685586,1.0978567601199831,1.7155309789870608,0.8043744742575637,1.2295417507904944,0.2934822858624198,0.4859892281965665,39.2116594013757,280.47169664413025,1.2443336017472246,1.830654694395837,0.940618746667726,1.3376476394800112,0.3037148550794986,0.4930070549158257,95.36270161917444,700.8514443453088,5.169316299517432,33.78835116205233,2.618327536328185,21.146338972336217,2.550988763189248,12.642012189716109,8.452386739988576,69.53461045523147,0.0651081999084803,0.10811460208322059,0.0058696198981471465,0.0019448249286399657,0.05923858001033318,0.10616977715458063,,,,,,,,,,,,,,,,,,,,,,,,,,,,,,,,,,,,,,,,,,,,,,,,
.1.1.1,363.68276354840015,3634.942483258346,30.956827444369907,199.58736588717463,3.25983581847306,56.37156492799851,27.697037283826813,143.21635553646445,306.63054980633933,2105.2698047081185,40.90086360528529,257.5738369098729,5.054528572947532,57.70064653673187,35.84645037276417,199.8736823570836,307.7750268348644,2310.5255349053173,28.619634639827893,224.15582716610345,4.926687006435553,75.0010100436626,23.69307577698424,149.15591480419891,365.0999378463957,2865.367135980563,14.926591216572426,145.10689796384486,4.257907164441898,68.1612581560744,10.66879837860116,76.94648083904593,366.08753956434987,3671.393214301389,30.454528857276166,200.5474593906619,2.806245471659887,56.8330302000519,27.648332431263803,143.7150964104763,657.1875527991722,5095.59884838863,155.28051108616717,801.1516244985893,114.61269129108608,617.4667198643475,40.667868577786855,183.68557010283007,199.2862907473381,2587.1114519866587,13.093036917476116,98.7803232194334,1.8563064972474472,24.576975983133924,11.23695496104708,74.20462954387516,311.1048261780553,3394.9616959370587,27.396639334913324,297.48090847275154,4.492523826725399,95.23638607160882,22.90421288196523,202.2451236895604,467.3513491354939,3759.664570193492,18.45198361721828,67.84747906651974,3.12243006269683,18.66221022730581,15.329572296154817,49.1854381353612,283.1847546765392,2592.586587344849,1.513767147707304,11.029155554657928,0.9593977672527562,9.646576721318432,0.5543693804545481,1.3825788333394984,649.7065339816918,5040.428877433812,155.01819749371148,799.753772375278,114.6844419170272,618.8980051510873,40.33380090083075,180.856318981756,332.57250810625777,3645.854069331874,33.98761794930718,220.91521273143584,5.106352555628517,61.42900192024191,28.88127855029328,159.48638128748524,414.9110674387792,3678.171822569778,31.427606907283824,199.95775000268927,3.8164085160876295,56.80077355364346,27.61124804697486,143.15763670991922,329.7620800086927,3614.3252889125297,30.59131194365452,199.8265663772429,2.8910189382137204,56.28245541901991,27.70034565882884,143.54473312017308,366.4380201124189,3996.769349553124,30.95013302030443,204.9260120673881,3.250738937980492,59.31903572177198,27.69947734099797,145.60784033927686,415.9555419299294,3681.579470323746,37.19353343049253,208.90447128646005,5.7578915207614045,61.65515896683854,31.435725688149976,147.2503826175913,456.3408190717319,3721.649258634151,45.87436426355407,219.9816308758019,10.843637371677994,69.59291667537849,35.03079030363865,150.38955388914252,435.5967547507687,3667.865407555864,46.77841205721764,218.70127657604093,12.850858971910164,71.32691710250623,33.92764152391197,147.3753746981939,509.97862128012986,5082.500540565716,45.2505319538439,325.65038775139504,6.457728385947158,109.08919697018963,38.79285678567588,216.56176846837903,136.78442143329613,1253.7469643999686,9.560373381425501,64.47591134855249,1.200074200096937,19.815210491080254,8.360322252273264,44.66092165643534,,,,,,,,,,,,,,,,,,,,,,,,,,,,,,,,,,,,,,,,,,,,,,,,
.2.1.1,451.0769246167919,5412.779255804541,31.656294842019943,173.60457710213225,3.3734293362203425,48.73572561285796,28.28291255568049,124.86932355945017,367.31082799762646,2895.792870346348,42.0995238314856,223.97156668268488,5.379156896496033,50.19798842807235,36.7204791779164,173.77399728680427,384.113555620336,3285.1237646608447,29.544366947270333,194.62727507990755,5.159893570562361,64.89323468190497,24.38460161379709,129.7349747173639,479.57238540159,4441.680307805963,15.393686515502758,126.2706005730402,4.40529913118421,58.7689310686251,10.988505945508091,67.50238831932379,454.0442551183707,5457.573171381963,31.06015878994192,174.36556684748487,2.8929106153390185,49.09596083347444,28.167299467252537,125.2701745345346,735.0146015788409,6723.578522749122,155.1876692292923,688.4804148736556,114.17874780723264,528.8552402406908,41.008972439721546,159.62574167513557,262.921204892504,4033.123237207205,13.476562259586071,84.9758186960761,1.9013449524480284,21.045886040640124,11.575449699482908,63.93103055213805,398.5483393202632,4942.076956814436,28.40086266330349,257.79739263874296,4.658444075005053,82.3748012923682,23.742508813323287,175.4231335339123,592.2358907451999,5823.8747769121965,19.781831573328795,61.70392703791683,3.3491921572386976,16.282896882621415,16.43265869158839,45.42117431274424,417.3055973263752,4318.260171644211,1.821880339370968,9.85277490118412,1.1320910134882174,8.472808928962838,0.6897893258827507,1.3799659722212825,726.2054406867621,6657.721298845355,154.95072242964451,687.3240118005199,114.17426373582995,530.1147780333807,40.77650539973599,157.20970343635963,419.3300440160408,5408.992311497624,34.88512998174622,191.7565047321139,5.289122658361741,53.11791534716107,29.596020875496905,138.63873447066925,502.1138817737559,5450.359935227698,32.27437968979268,173.95885345808009,4.051373358782618,49.13875377842592,28.223056832865783,124.820662074086,416.7888948984137,5396.018466140695,31.30546093155184,173.8817575137867,2.99974160300223,48.63221195344829,28.305773538197023,125.2500750869768,457.2696777672948,6319.030722131219,31.63344778609841,178.69867214802744,3.365473850199895,51.545148153921566,28.26806065273456,127.15426001779812,501.2497148655741,5458.483893775751,37.838514063901854,180.23494050330456,5.864464294185865,53.2886454853554,31.974136216434207,126.94720658342897,545.0733669731765,5504.603969251076,46.32880319292654,189.8423858381593,10.723987208559798,60.16054896886768,35.6048819337383,129.68255220858293,517.2563878682669,5420.739007408123,47.05844369225935,188.7246681030402,12.58161990619716,61.66694840021592,34.476916125157985,127.05858471929308,594.9660440501316,6809.043588658688,46.16091108732062,282.4746068251981,6.661500708358771,94.55228091118995,39.49946563541552,187.9228179666411,204.1710113486609,2410.85275780594,10.068552168315483,57.0156272329769,1.2453146506518287,17.22340781341345,8.823260911113822,39.79240712199278,,,,,,,,,,,,,,,,,,,,,,,,,,,,,,,,,,,,,,,,,,,,,,,,
.3.1.1,259.52475377947513,2648.730124122497,20.744621669558143,131.06399108828225,2.1855013665987726,36.873136035702416,18.559150728142583,94.191217739539,217.79803421874217,1519.0698985516703,27.390182143789666,169.1335952560114,3.4258171894990004,37.82010539734255,23.96444153601597,131.31381196962948,220.6393754470517,1678.8940205358267,19.15413674246108,147.0227454892102,3.3054024394541512,49.09277130769159,15.848819553190635,97.93069202998166,263.3876461486957,2095.2357925674146,10.01172643667367,95.13415593170656,2.84865319672528,44.575474308400736,7.163149448305135,50.55923240690476,261.3006288794674,2675.790693698042,20.381981328837377,131.68415223422133,1.870569910196613,37.16613383320136,18.51144412571753,94.51845479229038,456.9087971529408,3619.803564055605,103.51221396515484,525.1221818567869,76.31439552039726,404.357745664979,27.19785097648631,120.76487143317168,143.85826256187025,1899.764081711948,8.73359158719628,64.71569510421308,1.2365355863826126,16.06768654361934,7.497205660045539,48.64884918816372,222.96273072747627,2459.0996901016674,18.283007370859583,194.8527608848742,2.9985914776124063,62.303956265574776,15.284479618940328,132.54920730281566,336.19855826656175,2757.7511161259085,12.60891975049768,45.00785324151156,2.129844595817497,12.242448811913276,10.479087642354044,32.76551524859519,206.21672370811484,1908.000822457808,1.0351142636244026,7.247503448431356,0.6571410978211425,6.317793524354185,0.37797316580326,0.9297099240771696,451.52617639589744,3579.948154611164,103.3250346049892,524.2245697161835,76.32777650635916,405.3225124686453,26.99728830138912,118.90241808794028,238.1575847728853,2654.884134065724,22.71444942260664,145.005235090824,3.404224552040337,40.1955929064633,19.31023363753123,104.80975365344857,294.6824858056161,2679.2626495032373,21.08136050253337,131.30639518342542,2.580051627212978,37.15820240374126,18.5013419298744,94.14862432017269,236.37110554383705,2635.3745088691885,20.489170672791765,131.23228485386107,1.9290381136418289,36.80837952321734,18.56016764434792,94.42431224080154,261.429809758353,2907.0433886687056,20.73077986380861,134.71910873805686,2.178959742509731,38.88879023411791,18.5518756326524,95.8308840618835,295.0478292876555,2680.558708145683,24.800221932034013,136.8919661188283,3.85644129297618,40.34568095175176,20.94383646973268,96.54698501921948,322.93981458333104,2708.6430697062774,30.547818718926727,144.16989430381264,7.221577741335421,45.56107555742631,23.32628325328634,98.60936787025013,308.3626168436398,2670.0669924835624,31.141297366664816,143.33218840843583,8.548902546140773,46.701349487193504,22.592453792819136,96.63150326620844,360.1877190246651,3662.261877530322,30.257929737254376,213.5693554265571,4.32207706671117,71.35975477394511,25.93588814660364,142.2099786888097,99.3722017274285,908.7521573397247,6.446333207103961,42.433099758088545,0.8060667851568151,12.973585975883564,5.640281782520252,29.45965822242525,,,,,,,,,,,,,,,,,,,,,,,,,,,,,,,,,,,,,,,,,,,,,,,,
.1.1.2,42.1845679753295,378.8414922872236,1.4100180807744258,8.202214786428058,0.1402254482789308,2.2320173891072423,1.2697941274464106,5.970215863622104,36.62239470076857,207.59470573690376,1.7936013943920606,10.432504648817666,0.2327727478519399,2.251290287937942,1.560832583061894,8.181231342020286,41.60931854426355,248.9687258989649,1.2575262268600955,9.029980029522411,0.2147843331573547,2.946577427014817,1.0427463428831925,6.083441288795826,52.117996838596696,339.8150039087884,0.7164581618067272,5.938462780359594,0.1818916264739773,2.782112880365832,0.5345705221325737,3.156378840838137,42.28649332167115,383.6960476409426,1.3716245903290436,8.261843029316841,0.1115132710877985,2.2524768987248405,1.2601129187648374,6.009388499617532,84.3896287702785,587.8945408512137,11.567405189568866,58.50528149075564,8.373783552678178,45.77425712756521,3.1936232278389696,12.731046673927452,25.13635842204785,289.72530392512647,0.6089477407303148,4.203317836495266,0.0963140282850972,1.1063235104901823,0.5126413847577656,3.097038796065712,36.50940578322583,343.26609980245803,1.2285908190498716,12.666666340604523,0.2070919326827485,4.427488204056781,1.0215020874593437,8.239198711708015,56.22231917388537,414.60733819565473,1.024824081002429,2.885455607932516,0.1683593261222359,0.683249352886871,0.8564653985252063,2.2022121356746736,35.73568574469252,295.68525641249863,0.0875864188382892,0.4245111421493786,0.0520657291974441,0.3532929486091108,0.0355206896408451,0.0712181935402677,83.42695524597117,578.5158359617393,11.637272573043427,58.49375847332199,8.295110421541494,45.98680296515073,3.342163635523974,12.50697388074303,45.31012825790911,388.07061365649065,1.540275883103532,9.201034034189842,0.2229945333340564,2.458656029682087,1.3172817773984042,6.742383626088199,48.951237504964105,385.98204296009806,1.48183947109175,8.237055448746569,0.2124158656956518,2.273754874772828,1.2694252667168051,5.963323240957853,37.94089865819392,376.7659391332232,1.386222777922167,8.245470841791875,0.1192653867773584,2.226936021582204,1.26695912862169,6.018555700429275,42.40775478878001,409.6422482819107,1.4102269892700503,8.36643670529186,0.1399661845251867,2.3246692711847263,1.270263622802604,6.041797161147587,48.38483622878719,382.2590723910028,1.6753207304295985,8.527201378747513,0.3518543493525099,2.6072296526255343,1.3234692041072305,5.920008542222168,53.77273057844691,385.1248862287021,2.3585396482272785,9.489401951816012,0.8211064944481192,3.336917650369424,1.5374353421769975,6.152513983634855,50.21224895316819,380.6426128938412,2.47316010387909,9.504728223458905,0.9749516620258964,3.467243271829227,1.498211471714958,6.037520352520005,106.07160514383123,817.1800345176673,9.415738297948646,63.07409192525877,4.422609860395431,36.84195633207938,4.99313022345914,26.232155281113684,12.505749590344951,109.35594483741956,0.4004290749695103,2.3222540687779976,0.04709478269786087,0.667169328310987,0.353335059054562,1.6550922030073838,,,,,,,,,,,,,,,,,,,,,,,,,,,,,,,,,,,,,,,,,,,,,,,,
.2.1.2,95.03745615057,1121.1061588087691,1.735232651979071,7.703147972149422,0.1657437271783081,1.9395789851031249,1.5694904648357224,5.763584704843851,76.83518743227437,563.4469472767962,2.1739409222032218,9.711480880684022,0.3477933323220044,2.041029305699733,1.826151419071452,7.670466036833303,89.63675392070994,685.2241588968441,1.479979004587597,8.292974510212076,0.2776775800285189,2.583118169973763,1.202305873489536,5.709889267074871,118.59291313603674,999.1533288377442,0.9055321190927502,5.518456690311298,0.2137458862995549,2.4121305323976383,0.6917903680651722,3.106350897153729,94.63965871156596,1133.014099877256,1.6572224304482508,7.703515793600709,0.1147374908496903,1.945271232653345,1.542486612629846,5.758263620150729,146.21429759218844,1363.6812481788625,12.33263727241324,51.351268672996135,8.790393535971797,39.569247473459775,3.542245400503352,11.782040209559648,60.189768915245104,887.051269253068,0.6613635455697773,3.688779550050856,0.0974701258183212,0.9456266133054751,0.5639013583202895,2.7431910046215653,84.2749233656955,1000.44045219283,1.3207702270847093,11.082824358347455,0.215586338582801,3.829289754960419,1.1051868587222655,7.25355313650873,130.21896661062783,1257.5829248957612,1.875525035468516,3.6159846342216393,0.2985647851832497,0.6506774641295523,1.576960912526968,2.9653121771533573,98.03541586559533,958.7713620207091,0.2224050024436141,0.4782601581755507,0.137163089926699,0.3601007924710706,0.0852419125169151,0.1181593657044801,145.2571690897884,1343.2638111136855,12.261674572362123,51.41812450736021,8.551881669244766,39.72080509612469,3.709794431893849,11.697335049233857,95.85440216457847,1129.194163321145,1.7348337112708414,8.415680109700315,0.2427228101916385,2.127057133983085,1.4921113414883722,6.288627759727451,103.6854757269348,1134.118557649631,1.9141741681184472,7.74687409668398,0.3376804524995997,1.994028754520936,1.5764954056983724,5.752864649241058,88.30044876247398,1119.5429527253848,1.7110422618430274,7.764602726008715,0.1344286606903394,1.9267925529178105,1.5766153896603687,5.837827943110494,96.14780031369176,1279.0620243590563,1.7424035005563268,7.846474911236441,0.1665608974510855,2.0306743288942632,1.5758455384399732,5.81582590406237,103.40435723009573,1127.6292348519005,1.7687362959025767,7.401893836494014,0.4123475010211702,2.2732442872176404,1.356391707935125,5.128680904411252,111.18162081806764,1133.0826678542544,2.3628388669725684,8.194044868036404,0.8151758636731394,2.891020613989245,1.54766527883097,5.3030495386931,103.1995790609996,1119.316262946374,2.4649994797031463,8.210774040030618,0.9542334859558168,3.010659889254628,1.5107691571598376,5.20014431144886,174.3120531912733,1718.1627754835483,9.758208947161284,54.622953025374514,4.539804241021471,31.48790118603363,5.2184065612926025,23.135068607688417,39.7292752119548,464.20268450325545,0.6040665534996006,2.3785123752557613,0.06706429904020299,0.5869504679442942,0.5370030317600143,1.791568250720425,,,,,,,,,,,,,,,,,,,,,,,,,,,,,,,,,,,,,,,,,,,,,,,,
.3.1.2,30.4110322564736,265.2913183537481,0.9573271877693724,5.4141805846449325,0.0946702677759867,1.459947876161284,0.8626579161713186,3.954244784701075,26.50693156321549,146.06793858613736,1.2119915536574868,6.877938051869353,0.1584814884368474,1.4762576952903816,1.0535126788472808,5.4016914740515904,30.27033448191883,176.11335831479107,0.8501704884746242,5.94239458422849,0.1448657647226571,1.9291794071126065,0.7053076835355698,4.013240475292249,37.86760683988033,239.58212413897368,0.4878554195186475,3.906483464028596,0.1220793537807435,1.819242977169373,0.3657787233084456,2.0872594412300938,30.47917051129635,268.81283387473167,0.9282566540513058,5.453075107087472,0.0743470375160284,1.472658915278163,0.8539106832170151,3.9804308211880057,60.7421781179162,414.32417250207993,7.8412233481984766,38.5039168761132,5.6647409189365465,30.05718315335395,2.176483490225011,8.446748313866518,18.12020830786807,203.0716504045432,0.4107469626064909,2.760716956414447,0.0641134534772065,0.723365435123468,0.3466386227547125,2.037380672443593,26.32144785729461,240.2301221816265,0.8248375605461052,8.302124686191316,0.1386952681354343,2.8958330526228253,0.6861443877986895,5.406305408449245,40.65845771015593,290.77395391599435,0.7073672476787046,1.9325356325048488,0.1159231836568956,0.450313252247188,0.5914444928958047,1.4822262296484812,25.455274862316525,205.9898060596405,0.0586326006685692,0.2792642812846769,0.0345240115192386,0.2308491118525408,0.0241085891493306,0.0484151694321361,60.05281121345586,407.2976819899424,7.884198124100474,38.51888925245535,5.594951955930384,30.20349053426564,2.289247157065439,8.31541073302893,32.515291254333114,271.75702984260295,1.037831098267792,6.060055346485799,0.1500952277110906,1.6085336690957828,0.8877361555066808,4.451525353049198,35.35814770142765,270.5362902221975,1.00830685599744,5.436336582522518,0.1456104984592518,1.4879542847624507,0.8626974634758555,3.94839711183877,27.317061086139887,263.8263404153628,0.9392983107086316,5.445485913292066,0.079773387681952,1.4560260219067354,0.8595260807711037,3.989473547057493,30.547352376424467,284.47825739107213,0.9568260866167574,5.526741869924234,0.094419737485779,1.523375762332574,0.8624082280320058,4.003385565870137,34.8288741881423,267.5432323938813,1.1216854281689688,5.589456464025523,0.2379061862003592,1.706646305862828,0.883781123264453,3.882834230602242,38.49015242954295,269.3083806603136,1.570211562066443,6.220022255455203,0.5470749195433972,2.186358704558549,1.0231381014818903,4.033682960723595,35.850470622728764,266.2194015035084,1.6486135814609255,6.231741869595544,0.6516165001120049,2.273244139446808,0.9969991017076114,3.9585208949301065,76.45329976095637,584.9786780370956,6.289823086760202,41.3469829533893,2.946836729488248,24.106811853109605,3.3429875478209183,17.240183983816713,8.615485236427702,71.03627385686525,0.27000451955191584,1.5302687893618572,0.03157735333982432,0.43686040435125667,0.23842767672723525,1.0934132665759952,,,,,,,,,,,,,,,,,,,,,,,,,,,,,,,,,,,,,,,,,,,,,,,,
.1.1.3,41.340449178063984,236.4057792094272,1.119705512784488,6.769700404330727,0.1044764717776043,1.8486653342927013,1.0152293819044536,4.921040485964016,39.20222975573311,142.2225855038284,1.3507148812530745,8.326930777670453,0.1400548316756379,1.67821091546327,1.2106612691654086,6.648726146856557,46.35918298280866,178.1082807045444,0.9849064564766912,7.236918007324276,0.1449175919029667,2.339866608180857,0.8399905060182962,4.897069173982059,56.40678673544375,239.77738402234388,0.5961534303752175,4.947840804527781,0.1380125684984484,2.529444340948201,0.4581423943232693,2.418407883486556,41.74291215772502,240.39231104791045,1.0893315995268829,6.90328266181751,0.0827041561313367,1.8855469453983933,1.0066278168351728,5.01774313622732,121.63016173802238,650.7302861612396,18.90232846801084,109.2768082836376,13.88855519954896,87.90648264949344,5.013773639899428,21.370333036379503,24.11460892937234,178.08792532246764,0.5907123693271974,4.003321884743183,0.1171999295964133,1.1745052005928585,0.4735147788454793,2.828833710113085,35.13141214932049,216.9744011797505,1.1604477039891985,12.460809525091,0.2161186023434163,5.314889354761637,0.944329896816118,7.1459271676766285,53.68610881724369,259.7646384415981,0.6625022124343934,1.728064698864138,0.1154685663430757,0.3411007131739979,0.5470338519978866,1.3869663002627162,29.116709994044623,168.97594961276633,0.0424197256249795,0.2272142084088342,0.0189014091220418,0.1761717117996066,0.0235183165029376,0.0510424966092275,119.7012181856093,640.1984844960158,19.19511970916929,109.05214409789922,13.932994695422178,88.44779337744666,5.262125352152545,20.60435610950537,44.31589248594874,247.7264063587976,1.3605156902734337,8.123161565359334,0.1893299151845827,2.108899771065559,1.1711858620243052,6.014263247004196,52.99293461380756,245.6178786564072,1.1722015908526706,6.836074702846019,0.171797436905788,1.9222063240147256,1.0004045956240506,4.913876711564392,35.229247051370535,232.05973594839108,1.0899544637225629,6.850274661949324,0.0862932650292396,1.8512201873078944,1.0036616130211755,4.999060885483269,41.48036516981952,241.01632484089967,1.120618173672692,6.807336605777917,0.1041658140194164,1.8663902159516408,1.0164531627983786,4.940957192430486,50.69442586761504,239.6010036473949,1.5880650739374604,7.54285082780818,0.4592659145323285,2.5049083886858527,1.1287999428732034,5.037955943974589,57.055533797391824,241.81858735997977,2.942969221411037,9.555162847313138,1.454716874174919,4.047349250780028,1.4882530976406052,5.507827429687128,51.59483412401329,238.80621525990423,3.1876561519466904,9.704422323969908,1.7239394307447586,4.286651561511029,1.4637176885547178,5.417785409284926,135.49680170394552,876.3793602239215,9.069628919957882,61.41710300729663,4.085041332980209,35.03833033010795,4.984588085753574,26.37877965677617,5.224005422005233,23.130146124207233,0.16669776129851613,0.9090583820818736,0.016713070137699383,0.21803707062056032,0.1499848825086605,0.6910236915431044,,,,,,,,,,,,,,,,,,,,,,,,,,,,,,,,,,,,,,,,,,,,,,,,
.2.1.3,66.26892126558697,409.0143702286689,1.2898388591598011,6.189228359765772,0.116244996320173,1.5935428981763295,1.1735942132871284,4.595690067529485,61.425913504524246,236.9509467055373,1.541528610592681,7.53867883351328,0.1702018746707504,1.46460415631175,1.3713279171561743,6.074080023284397,73.38774971788398,307.74279158624574,1.103790934777733,6.489331352738711,0.167469164476764,2.023380086434148,0.9363234030835768,4.465966386419257,90.36302931128112,421.5098456007688,0.6744416394598729,4.428420736806876,0.1511527671281048,2.175008263541602,0.5232904640182046,2.253422238033892,66.19500602051451,415.7562834945642,1.2437821327039442,6.269958749448378,0.0844599311083875,1.6211785636653404,1.1593225926378408,4.648786504211878,160.37964285466754,863.4469659546827,19.723054140747166,94.76411258670738,14.53454903664949,75.74174095107428,5.188505493043521,19.02237793932524,39.83405267257605,317.5707051490786,0.6279058968942964,3.521521258936014,0.1165988123821891,0.9998297189905588,0.5113095000757824,2.521706083522038,56.739468613376886,370.562932164689,1.22477038300203,10.799017418252056,0.2249534994950572,4.570240391647413,0.9998176274470794,6.228783248564119,89.5780513269643,453.2842669155581,0.924420515255573,1.8455660883057856,0.160494742963923,0.3174198520251767,0.7639259846177899,1.5281482046142965,49.768182592184246,309.83614878657454,0.0572670210508906,0.2149720808875462,0.0236471267505767,0.1545015758381351,0.0336198943003139,0.0604705050494111,159.17153575282677,845.5888007553193,19.98679677519233,94.57731448345471,14.538577661030212,76.14806791348886,5.448219462047666,18.42925115305847,68.41024817027943,422.1959586611778,1.4445289860763897,7.233995273373409,0.2055228983061853,1.8168326623385955,1.239006177160105,5.417163846318821,80.78107266688015,423.078007575238,1.3984896899524102,6.248533592318576,0.2378375335390322,1.667912518937024,1.160652606168186,4.5806281704136405,57.71463776825269,404.5681478634712,1.2555381813642572,6.272016019372354,0.093776679970206,1.5922947764160738,1.161761927461404,4.679726694239607,66.47213860696661,416.9885419624028,1.29191628523282,6.220803112021771,0.1155794377684478,1.6104521956864384,1.1763376844324416,4.610360106386944,78.0928901086719,412.2036096876996,1.608934186681154,6.508770193858604,0.4756759494572198,2.169720677448555,1.1332590459631886,4.339061012739141,85.39856744972242,412.47736265044585,2.8386644773186487,8.203051243604893,1.3715747741209487,3.480485307351158,1.4670904822102844,4.722577710945121,77.45987172583533,408.4785667360092,3.057828257049916,8.346054938297781,1.61634668248437,3.701242389182705,1.4414825843983428,4.644825014413721,185.63513985195704,1292.9337695040615,9.281848684242426,53.09123906623939,4.175676210695602,29.98225949183829,5.1061729930006425,23.10898551249114,9.467698828285485,40.74608112025888,0.19898793432001183,0.8468370950051674,0.018980718606068106,0.18954810768547195,0.1800074092633018,0.6572910084903809,,,,,,,,,,,,,,,,,,,,,,,,,,,,,,,,,,,,,,,,,,,,,,,,
.3.1.3,30.26462066030836,173.37989216867908,0.7662067767399018,4.475660653068516,0.0706932615361733,1.208065660617887,0.6955137423410485,3.2675985325491648,28.64355278867178,103.42339724482557,0.9158666036958382,5.496773491023677,0.0956084021674207,1.0992781400064762,0.8202590110203104,4.397499463810724,34.02599047123968,130.424576699612,0.6685242276180186,4.767640118214566,0.0977096703079274,1.5304622918172026,0.5708156489618169,3.237189443790333,41.57468134432226,176.60441502259613,0.407731856734226,3.259976727576571,0.0927775395054203,1.6525288867823011,0.3149553388203098,1.6074553224254702,30.53555379146396,176.3026918866234,0.7395487109962364,4.5636112340495805,0.0551201657936763,1.231500648453017,0.6844287942540425,3.332115434862004,87.38384252193114,465.82958214237925,12.768284134053404,71.79020183219005,9.365271143883266,57.66946966312014,3.40301323788641,14.120737006800596,17.73487089920494,131.54190263661422,0.4002438699095373,2.6319718473530664,0.0779415220979314,0.7680197768727577,0.3223039066868083,1.863963224556329,25.7905055344226,159.0499527720591,0.7807118918529263,8.16342108977112,0.1449487430791858,3.472782466738798,0.6357636699577155,4.690643281399216,39.45535765828406,192.08245491273627,0.4652030030054132,1.1695898675892182,0.0809245935162321,0.22631312951511,0.3842785467052931,0.9432782528470022,21.51653809072613,125.38138433998397,0.0296647919157537,0.15093280624608,0.0131664975572222,0.1154720556493667,0.0164982943585315,0.0354607505967132,85.99735832376948,457.7553308453255,12.968430471293754,71.66605699985067,9.373743651194587,58.04148979146477,3.5946870455759914,13.624570730894948,32.31223701737847,181.34798886283525,0.915373021124342,5.353917811684433,0.1274366888963855,1.378638694213408,0.7879363901527145,3.975280066919944,38.6790430315558,180.06740103224533,0.801179752277375,4.51758530283836,0.1173411395480247,1.256883150027493,0.683838906806778,3.2607075954412394,25.82516492209527,170.300789878237,0.7416715505438065,4.532984657448419,0.0576164633070284,1.2091525634863092,0.6840553633047044,3.323836284755993,30.367067910629977,176.79776799069617,0.7665137637074587,4.501224245803515,0.0704448995247124,1.2201619701983475,0.6960693996814169,3.2810693436897327,36.82773904125969,175.3653357373121,1.0617651716824257,4.941176107364024,0.3080413805442288,1.6383773537852684,0.7537243132590505,3.302807579521338,40.94348742728286,176.52472508032542,1.9550426667481984,6.260478841193137,0.9660043468673568,2.651242120898877,0.9890388201193232,3.6092457605590313,37.0082510790634,174.35539710475527,2.121452312195481,6.360843269540574,1.1486070890667768,2.810310887176288,0.9728458681699236,3.550541961949796,97.87221803487525,637.4902085386791,6.065452609338285,40.27016346945034,2.72196965367319,22.924507941876907,3.343483288211286,17.345660093506464,3.818748911392764,16.912698517564923,0.11379508551943791,0.6020454074067562,0.011337088567592184,0.14282305032490739,0.1024581243345523,0.45922391323296186,,,,,,,,,,,,,,,,,,,,,,,,,,,,,,,,,,,,,,,,,,,,,,,,
.1.2.1,456.03662277411377,6001.080390609749,47.82571844259102,424.0767378458589,6.023886117700845,145.67904358543163,41.80200993188776,278.3998767924241,374.4857774156569,3533.626077187645,65.84321567486164,555.3847951628414,9.349446987402564,156.39693412834134,56.49409095671404,398.9892559041353,379.99854318276647,3786.885805265045,46.32004588491977,499.84547878380886,9.30145054744873,193.9524120655749,37.01893654559178,305.896076359751,460.0360776807636,4650.263858499074,25.57173192165776,334.7656859445857,7.883096803191522,159.23853324653987,17.688948185531242,175.53004025589576,457.696999295348,6041.664913980403,47.236923162363,425.2799065838262,5.384799074157883,146.38248645588766,41.85232973644567,278.90013399554965,714.3380111196318,7314.904672491704,163.9854313264225,992.2452453799824,111.25959480639636,679.3876656387037,52.72604106575243,312.8602866394024,258.25104925645456,4180.167996046694,18.941356533594927,179.49884335921996,3.358196317328716,58.13673352084282,15.58376407723913,121.36557165025064,398.7220659274684,5533.8552072777,39.06512024326442,581.052749091376,7.135532639163731,200.642606732859,31.930016136467813,380.4124297923762,588.9507720903517,6175.980842516486,32.08836629362646,179.9434645761311,6.000911941811038,67.79518732632636,26.08750399869359,112.14874411642283,412.0953745399492,4477.844911371783,3.5257751492219613,32.288610135077924,2.5465899795165545,29.17118420379913,0.979185169705406,3.117425931278789,707.9054104311901,7248.826924592146,163.9099575586537,988.9302716302784,111.60779796847038,678.9079657330667,52.30233589878014,310.0244773646197,423.5758484721323,6010.434869257064,51.60496837206036,451.0387026070235,8.53548954307038,152.7841114628431,43.069528572361165,298.25525526354096,503.3017274712744,6030.208245312725,48.4322604911758,424.9579686032405,6.720491552065335,145.75143330949032,41.71192834256639,279.20853718498097,422.12951432503866,5984.43820502602,47.30793806478476,424.2767525322972,5.526367064731079,145.55058103086503,41.78176244458648,278.728452597664,464.3385542885685,7501.329227212173,47.828586703201154,482.5175704705823,6.0200801263125845,179.00618884236553,41.80875373052234,303.5139276270281,507.96605678071,6060.750023287381,55.84592471767471,438.7205780342856,9.40443886515702,155.16978487808072,46.44174322374414,283.55397510711043,552.4864968792513,6112.278418208022,65.68432938895528,453.1083567557742,15.369715296318542,165.4922112959489,50.31478576081845,287.6183955876536,524.3841730580124,6016.501721899514,66.75870567628613,449.496436700856,17.795152759023413,166.9009315631364,48.96379968660312,282.59836565071214,574.5052220683328,7103.922776854241,61.912379393634616,563.3112764514192,9.429351402487963,205.55432704587844,52.48320855391704,357.7589541135736,232.12833715483936,3267.1705542880763,21.946160637962166,227.33383290618124,3.3895367510500134,85.02253256765114,18.556700226517933,142.31202763144486,,,,,,,,,,,,,,,,,,,,,,,,,,,,,,,,,,,,,,,,,,,,,,,,
.2.2.1,534.9440180255078,7981.428963871408,48.757911120348176,369.6460410162946,6.213910510022368,127.06346285508232,42.54418410967248,242.5844362766813,424.6274501228118,4362.7311246262725,67.57779809596423,484.1448765313242,9.7061539675814,136.9229513303591,57.87195846879643,347.22311325364194,450.72821274589415,4795.844256531398,48.128392494276206,435.58878638349535,9.647499098192013,169.15139986185233,38.48123697614595,266.4399487270129,580.0973547475785,6586.148450831467,26.242919734512,292.0575716095842,8.118620745038141,138.35644979272232,18.124623242555145,153.70358538347386,536.5995173247348,8018.669165984207,48.15770315570137,370.60046387469504,5.558949044448898,127.6458613704243,42.59896902016888,242.95691459846475,782.2800090496648,9137.875649243932,164.50421769167755,855.9429858276917,111.22813727283337,583.8208029619411,53.27629417560094,272.12448907528875,317.7063194505055,5819.00823734348,19.549763933867524,154.53040217703912,3.456377636080042,49.96921956825231,16.094012364292592,104.5641472801376,485.15725115273466,7264.37942739601,40.48743725105017,506.9331677388001,7.397595412175386,175.0902509261487,33.090233346914545,331.84502119488354,700.8030598620932,8499.15521954569,33.09266029575128,159.40444426578054,6.213329297692527,59.13842499183008,26.87938186980517,100.26641676317594,571.6002113344829,6706.29886461464,3.9955461297708177,28.389671636378026,2.889232647152427,25.383854546214444,1.1063134826183896,3.005817090163583,775.5024034453473,9072.45858294699,164.39922611040095,853.1334891971045,111.5317342413454,583.4139640993674,52.86767402692529,269.72137378862374,503.0733271348142,7964.389404609867,52.93632539239736,392.8086002366818,8.833463745245318,133.20798511005572,44.10291293127551,259.6011803833728,579.8263044601438,7982.532080177537,49.50834457233992,370.4594889854923,7.01412083209487,127.16092468222116,42.49438523994592,243.3002693985433,500.3758636495633,7966.51604662681,48.22570664790696,369.9000665360063,5.712346684526176,126.94615011733104,42.51355742616041,242.95585817300244,549.8243609550138,10676.443284159865,48.71055369220762,424.9685336589951,6.201352232636097,158.5753947851407,42.50945867813976,266.39530769327007,581.0291163867362,8022.41749905565,56.93782692020916,381.0623344366055,9.569423185142124,135.26751279847198,47.36866928538674,245.79753140594948,628.9784273797958,8071.7734402667775,66.69745598792433,393.5665956588958,15.372226538083613,144.18354632533482,51.32540810059124,249.3849666451232,593.1983681749492,7934.011907582112,67.61196092017319,390.39042272722,17.667086614531858,145.38698051000796,49.945132044007934,245.0058794099924,646.935994964567,8976.17371134948,63.11095044126509,489.8910535868679,9.69276684156336,179.0733951002941,53.41837027268564,310.8193658141863,304.3190113914401,4934.24918427424,22.617961620562262,199.5136463391744,3.5034387689206823,74.42679927888554,19.11460039098302,125.08746542879074,,,,,,,,,,,,,,,,,,,,,,,,,,,,,,,,,,,,,,,,,,,,,,,,
.3.2.1,323.53319133403795,4359.330953884369,31.972759651414027,278.24950910329494,4.028449762499702,95.40135358372738,27.944428257000485,182.84958297341583,263.5886623311798,2527.622207921192,44.001089058222384,364.4918116999239,6.284227630115169,102.57037407831112,37.71707543852087,261.9223509100145,270.233133261173,2727.4428038947344,30.94852259590253,327.78894516886663,6.217768884707325,127.07151636738767,24.73098078445921,200.71939728283976,330.4654235410812,3391.5767360646546,17.115977087143026,219.47402522334664,5.26387232373742,104.24302911799136,11.85231343420972,115.2328858438104,324.74382523344514,4389.1580220636,31.55528185584345,279.0291694445725,3.588886032922437,95.85275589515513,27.96653295839507,183.178188748962,496.4515499242774,5230.359567808826,109.2619560696148,650.3910897885424,74.05251480597404,444.92423038235415,35.209577663908846,205.4686300277938,185.51012736885383,3067.035133718216,12.63098493281257,117.4998494636336,2.237582395018077,37.99736986235091,10.393805054147215,79.50474926792738,284.3436212510013,3997.937330569898,26.06262828811148,380.7879796879325,4.758931975267712,131.41155524771207,21.30397616370244,249.3779704421847,420.6466168499174,4524.905958949946,21.757246844472327,118.58460039339631,4.063701596091523,44.416409437047925,17.693578321870252,74.16849646200718,299.85264612219265,3301.880587812918,2.4127850573044114,21.18033073132716,1.74416938476827,19.094022726665603,0.6686156725361414,2.086308004661551,491.9495378324684,5182.89157489237,109.21752334712494,648.2292743049336,74.27569684802798,444.6295142049571,34.94194400185003,203.601180307241,301.2752005203974,4363.630645636262,34.44895580125468,295.92280126678264,5.689594623418778,100.06968185662622,28.759394325917192,195.85355363875703,355.757241021154,4379.0999658935925,32.3953375049643,278.8330802719238,4.51505089733611,95.45315801687065,27.88039267378217,183.3812308669621,300.5052202100795,4348.786442162576,31.61765337084241,278.39384780004576,3.685883749933841,95.3120263208266,27.931897200350804,183.083313452368,329.5566571132853,5463.621339692507,31.96641765709789,318.1048200470227,4.026491569838195,118.12461322811735,27.940090866486088,199.9818734060932,358.4824296477691,4400.120506346747,37.21826421427776,287.58694677904043,6.280845759697205,101.63327242213217,30.93758996854616,185.95575523794736,389.1993933309646,4435.904413839172,43.74407435222341,297.0426297322656,10.234234169099611,108.41241739744076,33.50995463528133,188.63168389580284,369.11818158189743,4366.621387262309,44.44910586226034,294.67401067642083,11.838946040677898,109.34065631157326,32.61032437394578,185.3352262251131,404.1810983300172,5111.3483518735,41.344458120494686,369.3752247096874,6.2997787944297805,134.56662486010302,35.04479966615563,234.8099114150711,167.29050306842748,2385.3559727297734,14.71887128246462,149.29959356289046,2.2707865035375043,55.71096537191414,12.448135610152871,93.58910400598491,,,,,,,,,,,,,,,,,,,,,,,,,,,,,,,,,,,,,,,,,,,,,,,,
.1.2.2,112.86341937553595,1511.2118253285034,5.593066096751518,49.31217402292999,0.6699030544129234,16.681184528766206,4.923180106035091,32.63121585155423,90.61487130339646,815.086884726326,7.542002820491164,64.1643373101705,1.1160800351444782,17.88385875385727,6.425955327347697,46.28062738885952,101.58883931230424,925.0746938204256,5.356759349548796,57.66905857114872,1.0410385542493046,22.173209029285783,4.315755040497031,35.49617229610311,131.66425517238827,1271.0196851639191,3.010963554564189,38.814697880162925,0.8582631197736947,18.33355299187878,2.15273143221496,20.48144518168538,113.57068623065972,1522.1055208793482,5.4615630209199,49.4712166098812,0.5641207391295722,16.76126084372783,4.897461801376486,32.71023482919208,179.02362148420085,1843.4444900816056,24.20295719415921,145.41439336025232,16.614873306068812,103.46056862662032,7.588103303028832,41.95410310533603,68.81459751997434,1124.0609562238003,2.1674094150487697,20.89659739841754,0.3755458668279082,6.663468948450166,1.791924187755246,14.233497488266394,101.73715153756017,1365.5512858870563,4.423882167418077,69.06149573602171,0.7944221076220745,24.10613872852277,3.629507658882787,44.95564541715759,153.1962269913663,1634.6070791596906,4.419725742329537,21.13783780222565,0.7811556642175328,7.429364122012388,3.638575072071695,13.708523818755395,115.80391865818868,1249.754470367655,0.518795934335005,3.66282262274898,0.359619415409071,3.234408492414103,0.1591765189259339,0.4284141303348778,176.65271946965083,1825.8612815702224,24.327176836441296,145.06505054087438,16.607261186049634,103.64383045271724,7.719932589343548,41.42144530820758,111.63797347901222,1515.568775263829,5.899498408563912,52.50399989263235,0.918294429640691,17.49661715215003,4.981208811134123,35.00745235492352,124.75683106049895,1518.3512361511,5.7571047379715,49.44329933690626,0.8394099757484634,16.731861740710627,4.917710553504293,32.71165249917731,105.09672853090268,1507.7828862260385,5.507561993922666,49.398883061489045,0.5882909400295493,16.65922351976438,4.919289588656163,32.73989770105636,114.93827348131562,1903.6442895652604,5.57845921708056,56.55519518422466,0.6682690616605457,20.7993616419017,4.910214598574672,35.75610403622074,123.69612928767414,1519.3710390290692,6.306937244096241,50.413419535554326,1.1691654354208898,17.91350137627242,5.137797212396836,32.50025868432322,134.14670384896624,1528.7301100426066,7.723031737140034,52.573092544228686,2.104044892767951,19.524277823614856,5.619003953767189,33.04905658356974,126.543735466768,1505.3791499508627,7.938769255079089,52.22468004263754,2.466291643688657,19.74932367977173,5.472502134983258,32.47566149108423,184.4622057446955,2063.1646083990267,14.07274031373727,112.27000397576704,4.895099057409795,53.99391973247776,9.177658777859715,58.2762932085224,53.80902298618625,788.1485277077367,2.471820823519838,25.23474244778421,0.35981250891391736,9.28647200822903,2.11201583731911,15.9483473985171,,,,,,,,,,,,,,,,,,,,,,,,,,,,,,,,,,,,,,,,,,,,,,,,
.2.2.2,184.7169399329515,2941.858622174001,5.974516093261617,43.717582223861335,0.7142571950556841,14.585464505241966,5.260276522605191,29.13231038313299,140.19509771329558,1471.727420452149,8.116134348179138,56.89106123722392,1.2702430611362228,15.782223116368856,6.845922997168761,41.10896484758642,166.4387011057216,1710.368587567667,5.992653279860326,50.99039586476453,1.1551023336075796,19.410507567438977,4.837585396010405,31.58016301436369,232.40939425321392,2654.6164662816127,3.289678119660807,34.50288800313883,0.899976383791132,15.991466679779238,2.389733843948013,18.511677478851755,185.47253925567367,2953.3916094575275,5.798602548881196,43.79594141273238,0.5822672635114176,14.639547046914194,5.216355684889082,29.156632052820044,255.32255019064897,3269.6080384691763,24.67034849774254,126.366380350063,16.755948014796772,89.118607042533,7.91442077310012,37.24801041180324,118.8921762491087,2277.118215340714,2.263809471269547,18.06954985530374,0.3851298751764334,5.72772001368127,1.878742451700212,12.34214569959348,174.4526398434145,2635.2182995068074,4.643765075112485,60.495429650238,0.825262231810395,21.06175574751983,3.818546234135389,39.43394136313598,255.68973079101883,3264.371339412779,5.508349557116066,20.33721436469241,0.944392345631204,6.590461844916177,4.563962330751574,13.746795195788131,233.4040158133824,2749.5449490998294,0.8330327840317702,3.4936930149099164,0.5442271722421391,2.951419786594207,0.2888056117896309,0.5422732283157095,252.4974374671017,3247.32749068914,24.725619024044164,126.13959779259804,16.656498405055263,89.28596162210643,8.069138114544518,36.8538278666561,181.550878665465,2932.4316250641014,6.191024041645043,46.38728285248604,0.9525563355076694,15.28261119403642,5.238472687484601,31.10473089885318,197.36888514693985,2936.252770959153,6.277005037153383,43.85728129317643,0.9918715258151396,14.65760980783294,5.285149502897508,29.199854512978565,174.78418964310927,2938.427659373768,5.882304627620736,43.8458859151723,0.6195684652703044,14.55920365148448,5.262755274961431,29.28688494340565,190.8142397393162,4038.669226526244,5.938483869366583,50.6190449718409,0.710436266179657,18.508817408608767,5.228073044108335,32.11045789262529,194.6391188163476,2941.3791339176983,6.482728580438613,43.87245242243682,1.2322686173500408,15.657196112028164,5.250486172422804,28.215546252988307,208.8279868141786,2952.5363242869,7.805046148747961,45.71354781774161,2.089613291437223,17.03950877593974,5.715450662583447,28.674245084426428,195.03451892973547,2901.3310158667155,7.996580543629157,45.40535137554323,2.432194400013425,17.234789039855546,5.564411755635387,28.17082222043739,262.62401005239053,3558.3831751710745,14.466988559314911,97.63940937320716,5.016681667232526,46.546235124103255,9.450325015165788,51.09335216718443,105.55842071976458,1834.929308208537,2.777784219234052,22.69836422686368,0.38834552613800016,8.165888631643064,2.3894463320806723,14.532541008668113,,,,,,,,,,,,,,,,,,,,,,,,,,,,,,,,,,,,,,,,,,,,,,,,
.3.2.2,83.02062198049197,1113.5248540790085,3.780849209670986,32.45369377280397,0.451627000003779,10.929450286984377,3.329233581772072,21.524391507213902,66.47701782049047,596.5115369442374,5.084657398322774,42.22080698737991,0.7637108849755053,11.744602388436483,4.320968122005497,30.476302032505743,74.93857768908983,680.3757516416911,3.609014326002948,37.89460290952445,0.7011154793794463,14.537891488224384,2.907921635489404,23.356922486732707,97.36119957250848,935.4542598899908,2.04085912881093,25.504127057417072,0.5761168282911601,12.006051644764211,1.4647629615769264,13.498271916871854,83.53643410719641,1121.9363496355395,3.681021830934119,32.5561219899505,0.3760994155698115,10.97907500346477,3.30493543193052,21.57722949692254,129.68570038411147,1344.7957109892443,16.286875112866305,95.53582872438828,11.15098983320369,67.8479071683898,5.135898226444861,27.6881036122953,50.93065622646897,832.1121253246858,1.4529322175827168,13.692356886943232,0.2501765298388031,4.355143659233335,1.2027961078594376,9.337455143035372,74.93573084756133,1002.7857648432196,2.9615171958717026,45.29095842629865,0.531194839076685,15.79346470417548,2.430353431062038,29.49768967229887,113.21098725415196,1209.6104504099574,3.080899811271081,14.067523050792149,0.5418206654223268,4.878283108389349,2.539082472770404,9.189272748118666,85.45881911982063,921.6108803567593,0.3629533806844783,2.4136052046799694,0.2524783755612459,2.121521951136528,0.1104750051232324,0.292083253543441,127.94109869566668,1331.3878539944833,16.37195184334084,95.3242052537504,11.126823560536996,67.98157232074992,5.245139571772633,27.3427802096212,81.98860675850544,1116.340216084756,3.961690451751255,34.52667688726215,0.6125712588074601,11.46365015784212,3.349122413025145,23.06307223930708,91.61358403148134,1119.1306529100243,3.9001065467652527,32.539950008255175,0.5745889098350044,10.96473324616586,3.325528144026857,21.575357217714068,77.45040826130919,1111.262361966957,3.718665310064969,32.517461332003904,0.3933298616093574,10.91301281682308,3.3253477999413965,21.604604260529022,84.48426719867423,1394.2111039381523,3.768416954584708,37.41959378228474,0.4504442620639779,13.7533742379703,3.317988989034727,23.66639658070712,90.69685042892463,1119.4331816878514,4.216686945411309,33.059874968031295,0.7895072412709978,11.739155619135245,3.4271966332962926,21.32094200176364,98.04156858019294,1126.020753648261,5.148059882894381,34.47600637648425,1.4059903190663272,12.797751411542414,3.742080970759845,21.678413116810685,92.43100180385356,1109.0912664364378,5.293177467610803,34.24888952117613,1.6488039180302845,12.946871948935918,3.644389902513707,21.302217211956105,134.30909640007118,1514.5350796407365,9.426934931041332,73.67651201984452,3.2668894847447776,35.346024644446615,6.160057124199264,38.33062407191454,39.46868564746835,572.4786122887664,1.6782694092637807,16.623832171428177,0.24327363131305818,6.089449573899088,1.4350007869316876,10.534432938594437,,,,,,,,,,,,,,,,,,,,,,,,,,,,,,,,,,,,,,,,,,,,,,,,
.1.2.3,116.01929398583864,1251.826224422173,4.54108018721397,35.35348676066061,0.4686782738052256,10.64900050781494,4.072407852896999,24.70458274435187,97.02418163841776,686.3233377756278,5.847262627570565,45.19536580554221,0.7857475526432494,10.94429125462426,5.061530454330831,34.25115487332303,108.87214875195627,792.7694267566036,4.121058415834552,39.948402889249785,0.7094156143080613,14.059328166526177,3.411659367495359,25.889256084252068,137.17276135918635,1068.63048629972,2.302791975055446,26.625269454337268,0.5928968502518783,12.584706567651953,1.7099095810776763,14.040702572007934,116.9711223082516,1264.1850477284245,4.410536658009909,35.56874176916773,0.3690026465658208,10.735170657402984,4.041540358540862,24.833686759490885,219.90913582606385,1789.8614442396602,31.81474315884652,190.6730410307467,23.048345533927865,147.47041810252182,8.766403937987588,43.202738308205774,69.0088163240894,931.6651386849456,1.8786576654751663,16.9669356709917,0.298760410275854,4.697150363385996,1.5799257740020622,12.26998890073925,102.1514052240795,1139.8150712132624,3.80322799615286,54.69381933700096,0.6463104320480149,18.98414839011771,3.1569385410442843,35.70982557557308,157.02297052467992,1352.175890023029,3.448741502159045,12.839991528223548,0.5748973344394113,3.56819549705594,2.8738465539016484,9.271823711973344,104.49591333312016,985.791296021957,0.3271185305058933,2.054931427768005,0.2020707049588034,1.7568607667472145,0.1250478255470899,0.2980706610207904,216.4708672742665,1770.577056981383,31.961291478239623,190.24687481075648,23.053465609751328,148.07195111029927,8.90783176455577,42.1750197161007,113.3943132939264,1258.572924183428,4.8607013238780485,38.786292098655466,0.6810307420656483,11.428847494199095,4.179672298571594,27.357474638985952,133.21987003797534,1265.7067808379015,4.7125049629463645,35.48838231592171,0.6479473990020241,10.768329945419747,4.064564068543458,24.72016526094858,105.87530081507828,1245.9162739468522,4.463098891478139,35.4809295749683,0.3884380733251963,10.631933122912775,4.0746676432941324,24.84910353550141,117.27801155178076,1457.660786909196,4.530513508081561,37.68828931948672,0.4667419191673234,11.950724960978096,4.063782173664896,25.73770632673489,131.02580672820005,1261.1380766103412,5.285536729010677,36.431095540754605,1.062284032235917,11.889902008915998,4.223263434212187,24.541373991975185,143.2641564616262,1270.6897588833428,7.278510753841058,39.37982813104258,2.433534692052674,14.135188296212124,4.84498407400993,25.244778136811625,134.7665910418716,1252.9530055363457,7.619657562583045,39.29778323593033,2.902191383383423,14.513506800496511,4.717477354468589,24.78444290120357,214.9662646577993,2048.9532672001683,13.073825289917592,99.5341351530415,4.429913903265385,47.14755562190578,8.643918207534075,52.38667660460656,41.89445501181006,488.6694254480657,1.444555997155374,12.340157431735305,0.17643281190950294,4.028611659495467,1.2681261941497195,8.31158313197409,,,,,,,,,,,,,,,,,,,,,,,,,,,,,,,,,,,,,,,,,,,,,,,,
.2.2.3,181.98685020820471,2376.1313943739774,4.916674058993566,31.48575754939115,0.5062892537345136,9.270330661867058,4.410390926240273,22.21550896233528,145.17369115253152,1215.774196908098,6.352597874420808,40.20696769860693,0.9268376032168572,9.655339404155946,5.425775195921706,30.551696634579407,169.4766453862907,1433.798322554737,4.540532972157736,35.39088122047806,0.7996145411113267,12.269292747992784,3.740935000169423,23.12174276154548,226.14323336306748,2146.836766238545,2.5400131634466536,23.706666393087065,0.6316298392405112,10.92804244491995,1.908398313165708,12.778743146516064,182.69162932840712,2391.979719196935,4.7306968526637805,31.613992250175844,0.3799159578384069,9.329352698114077,4.3507875320911245,22.284737999815093,291.7849945050659,2905.600919836748,32.19060097411534,164.86037605264065,23.130999501915827,126.6314917883321,9.059608073881872,38.22898248736144,113.8676349018802,1835.618918505472,1.965834488331752,14.686016409914943,0.3032058002917538,4.0247483086577125,1.6626582028562369,10.661442093452806,166.40466223126344,2135.4504341110564,3.9905160053608064,47.72825294322461,0.6718728532163765,16.494424669747257,3.318662297203648,31.23397132984292,251.28148884063043,2627.1794746879414,4.428814152291809,12.867169072729316,0.7253121045794999,3.200276791434987,3.703504501056576,9.66691582495971,199.17098676063927,2115.264581168502,0.551503216076582,2.0112000332842443,0.311472952034131,1.6270406070562728,0.2400302640424509,0.3841594262279711,288.06786906972604,2879.127506597112,32.23229290493471,164.54244028788304,22.99060855339724,127.1413715841944,9.241690427771104,37.40115037383297,176.9615286223181,2373.838470729996,5.10192149290647,34.29736351750523,0.7059402637560551,9.9368860277743,4.395982997379913,24.36050303423264,200.81632393598423,2385.0317782355173,5.229735800211623,31.630616724839605,0.7915439143399725,9.401618221685524,4.438198481149923,22.229094633446334,169.43686025474753,2370.64851227325,4.8368348616009404,31.64546424199624,0.4138166904842078,9.24585492266108,4.423025198118329,22.39970038845728,186.13271788791383,3032.752670151554,4.894768919713137,33.72661860272958,0.5027599292573297,10.523792050104134,4.392020013877361,23.20294732895753,197.4849824611048,2380.1676900744665,5.412616840923445,31.57212942390308,1.1174491841381262,10.348487593465894,4.295178733840572,21.22379543184855,213.1504407590764,2391.5740640324907,7.239057075350843,34.07512263932026,2.3523281215215963,12.271787741073036,4.886737286966799,21.80345263743138,199.27567149076864,2354.51900874714,7.5493580029859455,34.00680404755336,2.793174448070929,12.605587870462838,4.756195222915672,21.401357849802285,292.0636600744187,3305.8489739586357,13.450115436590057,86.58626156380495,4.54618735127541,40.60794137344161,8.903935164563128,45.97840278023121,82.4274780571172,1204.7680233279502,1.6877901454254747,11.295922449438674,0.19628856916540274,3.541444886550703,1.4915046265809884,7.754509293192056,,,,,,,,,,,,,,,,,,,,,,,,,,,,,,,,,,,,,,,,,,,,,,,,
.3.2.3,85.05593838828409,919.7041676120742,3.084250087661877,23.301054084311826,0.3174452479960115,6.971939659810267,2.766808797590138,16.3291774970032,71.00056117098052,501.5685707472725,3.956294142908841,29.77235700547972,0.5417464565661732,7.18658620269881,3.414557895539936,22.58582336775813,80.02446904464072,582.3805383074535,2.7866756345801127,26.26889607039419,0.4800532544528327,9.213340797080534,2.306633400625569,17.055673825986812,101.03662040307847,784.6741799510257,1.5675927280870825,17.503374005954882,0.3991237467687228,8.23425049682603,1.1684786175635842,9.269214930067582,85.74548979079994,929.0847667447326,2.983262410664779,23.440218222146328,0.2460524494805358,7.025427179732959,2.737214193853432,16.414866642757417,157.90639539620085,1291.617705711647,21.39879834702757,125.18848906573692,15.46407412811616,96.67549089765986,5.934728428888564,28.51307359256053,50.88053098034208,687.481802111671,1.262538660135034,11.126225575177934,0.1989075292710147,3.070133948219908,1.0636501389537816,8.056225032560112,75.02258360694287,834.5350005794659,2.548262990772231,35.85693694281055,0.4329661484201347,12.426816030884426,2.1153105394643794,23.43022593727093,115.68963404834862,997.719269461606,2.42176505785511,8.610776777102917,0.4025652080824049,2.3487031486206185,2.019201439673453,6.26209173895974,76.90787256763893,724.7086133721849,0.2292509549201949,1.3570907998366706,0.1428452648026919,1.1528747091284657,0.0864056901175029,0.2042160907082044,155.38847761892154,1277.064301097695,21.49212229522411,124.92731995561434,15.437247458481306,97.0894117373263,6.0548787657325605,27.83797097930117,83.11062433591903,924.2798510028616,3.26856359057603,25.524731324813427,0.4543374783329212,7.482627820994603,2.814227256207953,18.04212313219858,97.38888756120384,930.0813453902692,3.2078228437816576,23.38903059785669,0.4466087703920707,7.052088319617278,2.7612184021533275,16.337016028349545,77.8082833155266,915.7041107516626,3.025595908314641,23.39272581464337,0.2598576927478905,6.9584971135155325,2.7657427634532814,16.434298701809947,85.91840120185401,1063.7398390938552,3.074660739910805,24.91303283792158,0.3159712109130957,7.8710092930928734,2.758696586175386,17.042116431265605,95.63796151915751,926.2509275071394,3.535862492732877,23.881704217149228,0.7181923769675918,7.787055408591957,2.8176772712087725,16.094766752766006,104.10424703210953,932.8224505664108,4.848377972654517,25.81500878292396,1.6234393171460404,9.262352805280482,3.224943997148277,16.552746380300576,97.99923309060551,920.074279292512,5.079049762611161,25.76378422000698,1.938922749403672,9.512646036129542,3.1401344650530074,16.251247064321795,155.7497141910263,1497.9431423876745,8.769092901197322,65.32981080087949,2.9573430436446198,30.855394112069018,5.811754404395038,34.47448018018985,30.70544033684794,352.3998424573936,0.9886178398440252,8.151978880556753,0.12007076020915423,2.641713768283054,0.8685490829327125,5.510289540898886,,,,,,,,,,,,,,,,,,,,,,,,,,,,,,,,,,,,,,,,,,,,,,,,
.1.3.1,472.9129257172469,6637.887160169043,44.05006411322268,538.4460679660747,5.114280608964332,204.43233167850585,38.93589801133269,334.0167844220142,382.15501724629314,3960.2877852139263,59.71563088552029,696.2834039732383,8.009109782918152,220.10254717592417,51.70675726185098,476.1823030629806,390.28309159369417,4218.153891856209,41.92297125712097,634.879340208896,7.846543804014721,264.20889060882865,34.07667927217857,370.6740237019424,480.2562028262366,5124.603009542265,22.61258983621297,427.98833830360326,6.6706872172934455,210.5605516292492,15.942130527887262,217.43228328439525,474.72250156245207,6682.100535260944,43.420486613421474,539.5181856179213,4.481762997163084,205.06034218547487,38.93885219049693,334.4622171725046,746.1894255954804,8017.559110398809,169.50397035858248,1144.617047830233,118.86015787733122,775.7562675536321,50.64394036618197,368.86514626870354,270.1637696342168,4577.570231118159,17.84652913186089,204.29410688996245,2.857240308132113,77.05490072838903,14.989747585893223,127.2424530543586,415.82364736450427,6093.075510557156,36.97254384231341,685.8333658122531,6.325732283814394,261.0234698786807,30.64745513837015,424.8124119133011,614.0078410511454,6854.038299516192,28.98720537689691,271.34900495431657,5.128570901087857,122.44737539069774,23.85867198256175,148.90208332473503,439.1543996830858,4939.848984584015,3.164638705184412,49.02950193224906,2.218755408229211,44.83124164570346,0.9458832969551998,4.198260286545612,739.7017992614396,7945.79381062026,169.4192563719606,1141.586782898754,119.18252468093677,775.6594726394318,50.23684536099116,365.9303440826431,437.4199374921514,6640.575441909838,47.80188187444335,563.8197700473607,7.508613305293691,210.2821206238877,40.29330158724941,353.5383389725264,522.7813138592803,6669.179416640401,44.6252560182957,539.3006173857941,5.818844700592392,203.775724724102,38.80652894587083,335.52686795183934,437.25214491686177,6621.765212271665,43.53646744512387,538.9876847313683,4.616853994742931,204.55981982081096,38.91974029582568,334.43094314680303,482.4859390089349,8512.28566265689,44.043058734627536,665.2996380491005,5.106991380745261,277.62532242832185,38.93624639531414,387.6771246108978,527.2743238289621,6699.045850202065,51.7617389839318,551.7378414589975,8.255080444040392,214.14482890265307,43.5068416946139,337.5964663639857,574.2358654861142,6751.477678183586,61.66682669549189,566.838601635365,14.086763341247778,223.70943940674587,47.58019146405477,343.1320334916402,544.6020868032689,6646.4423196053685,62.65760332816922,561.5925480264398,16.44961623972875,224.5965948723025,46.20816992566006,336.99940398454874,593.4455745017618,7754.208502882066,58.88499301058924,679.2640941828846,8.436414044572404,264.08317136826804,50.44870046209248,415.1839610281401,238.48820266878303,3854.6020940448393,17.676838401150427,347.2241939611194,2.51389532664623,147.09434468365492,15.162995777533315,200.1305478465499,,,,,,,,,,,,,,,,,,,,,,,,,,,,,,,,,,,,,,,,,,,,,,,,
.2.3.1,551.3249015463599,8607.0054597456,44.841405094149664,470.4434669043744,5.271690827477679,178.82689453563555,39.569832455778126,291.619159556813,431.6207205386973,4767.17407780818,61.21941912534079,608.2603009209137,8.326590083751695,193.15922688086383,52.89305904201437,415.1023023975423,460.62173874721,5207.155938448464,43.56025774638717,554.5559572769249,8.141593261403647,231.0416269588264,35.418917526816614,323.51736730678533,600.2116538909974,7056.082652049871,23.187268488285333,374.2203521210593,6.86463915080658,183.51163310049,16.322865548606643,190.7125404855216,553.0591620258961,8647.576527910702,44.195057702372814,471.27747251343214,4.624034746962301,179.3426237611789,39.571157356896194,291.9385613586155,812.108474556552,9817.984673381325,169.75151903910984,989.1755875952272,118.67100777055911,667.6765225585549,51.08064494948942,321.5027712426066,329.54351148364003,6220.209616682201,18.399927904810287,176.1444401495642,2.937515218533699,66.4641630006808,15.462888052308102,109.68304886955828,502.0951333432204,7816.100659788033,38.29190195612443,599.5934312330977,6.555295540500835,228.3230699209757,31.73718781679434,371.2726888318224,725.2895197441139,9170.00617693302,29.94722944764961,239.6139429787392,5.312551903648984,106.9301911901238,24.634716046102405,132.6841378095428,599.5483269835185,7179.159164163501,3.628361738991984,42.91801080654923,2.5560275551254383,38.95756861887676,1.0723341838665452,3.960442187672476,805.431482619922,9747.27074680561,169.64703978043315,986.6004668218748,118.9572961835984,667.587731136182,50.68986092191621,319.0153107408784,516.5827551045226,8583.346405699383,48.99412545918992,492.2001822491615,7.773361871344602,183.85699071575405,41.220797625382026,308.34377769857446,598.5568286096803,8609.677190286788,45.55221628939715,471.2402294793747,6.078364634338412,178.27635745157156,39.47397006242639,292.9655530751048,515.1676238118607,8592.626137815476,44.31221112769908,470.9949593416477,4.770622523739317,178.93190551767253,39.54171933732354,292.06566670336474,567.5523128695528,11674.14587967098,44.779134572985214,588.0506088619808,5.254714506704466,246.6079743532709,39.52460647448623,341.44501963481224,599.4468431147908,8649.316204410965,52.70059838322642,480.6282837534063,8.378784640053127,187.21529290189,44.32200274397791,293.41592528106554,649.748220964568,8699.508503603503,62.52315901949289,493.74486330497575,14.038789465946248,195.43971966901785,48.48450287199391,298.3075877411925,612.3813504675292,8552.276508326146,63.33754445424066,489.1172855840279,16.25520741753634,196.17559066840167,47.08252797179853,292.9446270315615,664.6320190351402,9606.0614859869,59.95209443627946,592.151091175062,8.667736367916552,230.7270108210244,51.28448394635054,361.4266612843873,311.38435205815864,5509.771713420137,18.24067992917819,305.01675378517683,2.600618922880517,129.02278373325362,15.64011451826893,175.99456290730905,,,,,,,,,,,,,,,,,,,,,,,,,,,,,,,,,,,,,,,,,,,,,,,,
.3.3.1,335.4437246277592,4795.167706231892,29.462835380610912,352.94604387471463,3.4227828308750947,133.77208491253035,26.040128860353853,219.175950091753,269.1471799558285,2815.920289357794,39.92391377521767,456.5222715874712,5.394941904641531,144.1952242920088,34.529128676347604,312.32799353221264,277.60198272371423,3019.6084605699666,28.021136815723395,415.98109224489554,5.249647647198709,172.9586952415075,22.771656734442274,243.02473237453464,344.71190241533606,3716.848665777277,15.14702088351316,280.3644728870677,4.456551953123688,137.75601325048223,10.690620846028782,142.6113975267703,336.744636093254,4827.502631050924,29.016025558901227,353.640302004763,2.9870260525742154,134.17423795124498,26.029085246609142,219.46892069261185,518.009192914465,5708.482739509262,112.90740967510176,749.9690635524444,79.08567720092859,507.9177438030269,33.82181775478747,242.0541712958096,193.89601868579967,3342.200198849002,11.900898708104512,133.64405991323036,1.90367569362464,50.31924623446055,9.997528803513433,83.32694069661345,296.39412821578645,4381.2705718726775,24.66714429752183,449.2242644436872,4.218535677724437,170.84318574634847,20.449028211006887,278.38278143359724,438.2959989535878,4990.3081718243775,19.71227597884476,178.28128646490242,3.485456167193852,80.07967990389281,16.226844800119256,98.2019032706479,318.82150703684925,3621.91941988844,2.1740290193892777,32.09241060365262,1.527122122329444,29.29733798313659,0.6469068970598341,2.795072620516034,513.502511226939,5657.08844752297,112.8613220840142,747.9906157766479,79.29529868854371,507.8714903873334,33.56609914821771,240.1211071573602,311.1311095496587,4794.971313264181,31.91802534774076,369.5785558587384,5.005307335672037,137.61834111533625,26.91274001465893,231.96066516563369,369.3877589881693,4816.348043129559,29.86247785499248,353.5137838927585,3.915279583865951,133.3471455868774,25.947276498216205,220.16792859451544,311.2653942529629,4785.012533908314,29.109794130108327,353.3142341336661,3.079675045977906,133.84954403671705,26.030203611201863,219.46670107235315,342.3335320670654,6153.772056734203,29.448675597345755,438.167262297702,3.4187012502010754,182.92518958641355,26.030093717851987,255.2439098059892,371.9786261444372,4836.977020632873,34.496862062749,361.3840397121741,5.515837201554298,140.1479151012524,28.98114691757121,221.23838168371728,404.3528893451506,4873.424479295149,41.06609850907606,371.302590472787,9.379022395873797,146.4279612214741,31.687161524718505,224.8765046319752,383.21386967999314,4797.779199624346,41.71369916976552,367.8640879217703,10.940093191457446,147.01418779876778,30.77372789814695,220.85215571044165,417.20021392091456,5554.305295144904,39.3305564462796,445.11383976893467,5.639187124368439,172.7930973607481,33.69145030466854,272.3227271023229,172.10276233778382,2782.28237060552,11.879991096711395,227.59710074149226,1.6877488002512009,96.24610633567785,10.192277388463815,131.3514510989133,,,,,,,,,,,,,,,,,,,,,,,,,,,,,,,,,,,,,,,,,,,,,,,,
.1.3.2,123.021220082658,1913.0962925775336,3.958285304924409,125.54360718544493,0.4315610350538988,53.78729652532172,3.5267315203075325,71.7572452661634,95.7497940092338,1099.6183548144484,5.189544201151546,160.85482233365664,0.8007413911819464,57.72396641287222,4.3888203474616505,103.13119245478164,109.85192827502507,1216.7634288577908,3.675397258818057,151.08708406965246,0.6721533254008493,68.5917431776912,3.0032604583079854,82.49626652023798,144.84993347747718,1556.0079403352097,2.1488586412493214,104.69649146628186,0.5287429607976153,52.962816311611576,1.6201307866718593,51.73505759077995,123.8802605321839,1926.563764073004,3.811079333880411,125.70843340059592,0.3222993027782344,53.89829417728794,3.488788142181708,71.8115459597322,186.83943989105853,2252.2468828046453,20.1188427243004,219.052636838012,13.994656378497163,138.30657098377276,6.1241944133979285,80.74747040397195,77.08810736501181,1364.4544616118617,1.472598282936013,42.24211616227017,0.2327837433803351,19.909473625604967,1.2398449405039196,22.333291655831346,111.95684711524731,1729.303925304914,3.018766302882052,151.28963116793295,0.5073322406438053,64.15827033003043,2.511623262298324,87.13189644386335,170.86165273040928,2034.50613946984,3.9274927581063777,73.37285007152857,0.6355433568847166,36.75386546166403,3.291951884071016,36.61908523226592,132.25687812169264,1498.8861554735831,0.5331969379520867,14.17376632119857,0.3622821800018617,13.10498537637412,0.1709147579502249,1.0687809448244443,184.40289893540609,2231.0650175798005,20.29585936760765,218.48499323645683,13.998849248263774,138.3251293912341,6.297017316776394,80.160794261352,121.51679431721683,1915.3795250372057,4.055561142975113,127.79592087759548,0.56157839284305,54.25314419042166,3.493984847064623,73.54296490390472,134.72508814744006,1921.442744030111,4.1328407008033485,125.75762640162132,0.6121457716796566,53.537583844937295,3.5207054871438883,72.2205213716273,115.48326389354706,1910.807855268288,3.8774396237573017,125.7615597633374,0.3477892014210861,53.85622199166647,3.529658515009427,71.90625380939957,125.66247412619283,2437.935247486273,3.942866626915753,158.36584220505975,0.4304488199335135,72.8603039292392,3.512429559429689,85.50623777855131,133.57547321530146,1923.721499611916,4.186119586754947,126.18393150753144,0.8305909334926209,55.68673662444231,3.355540582141273,70.49806771749867,144.05012383485598,1934.9129040979933,5.310900567855093,128.76197013565823,1.6177997479534,57.27979817118124,3.6931093258500094,71.4829329032632,135.51410306077614,1906.0045387652483,5.509063349246458,127.46235115299162,1.9163766932991029,57.15073370122263,3.5926987622972444,70.31251526346975,195.300870195796,2468.125706178281,12.24164031793784,189.3968911882872,4.657749463111053,92.22115002293852,7.583898692704103,97.1766651866118,62.31705253277585,1111.0702102478817,1.683625854382849,97.42144168909896,0.21410670536676205,43.89679116203108,1.469522527218688,53.52481938201173,,,,,,,,,,,,,,,,,,,,,,,,,,,,,,,,,,,,,,,,,,,,,,,,
.2.3.2,196.39999829887643,3344.2172376557355,4.302602221271132,110.2046644878802,0.4692428152952927,46.98104398469872,3.833366887713722,63.22441215352768,146.41749085707315,1741.1880961735287,5.688520605556366,141.12734289080245,0.9453907289497,50.62079913453068,4.743146692286311,90.50682845663708,175.51939645368608,1992.2116460058385,4.208500560451308,132.3988260352091,0.7716584053855791,59.91366433508389,3.4368587555907,72.48594648748485,246.16702394400605,2918.7454169830453,2.4032333259669776,91.91754213793423,0.5607944115620135,46.148141792393794,1.8424545745104144,45.77057192143055,197.3077480538143,3359.697348835089,4.102726978471104,110.2856702468336,0.3324705818834856,47.06078064450238,3.770264876180554,63.22608124400647,264.9003299002608,3681.052260790037,20.51912311975689,190.5829794398163,14.105627933949744,119.52639067335502,6.413503619939687,71.05777862228997,128.29413827729942,2527.9667724368887,1.5445430792102923,36.4773726669392,0.2376940634521497,17.16688781330306,1.306880513583948,19.31103514645284,185.5153530883264,2998.00254951435,3.185595612370725,132.5160822247616,0.5277777925422948,56.09188952271299,2.657987203211487,76.42468749104269,275.5870689596911,3677.053602591968,5.0314696613165,65.76354862619151,0.8040324891725046,32.037134108491145,4.2274397222241165,33.726499876588825,249.5746873776054,2987.616314009881,0.8347313959826707,12.54697763356628,0.5342294981327198,11.453385110722564,0.3005018978499507,1.0935925228437084,261.9969218609993,3653.808962468384,20.63673905004506,190.1648571841017,14.017799635220069,119.55410417464788,6.61894684186743,70.61154111985475,192.8094125096064,3333.87711016064,4.291663867740658,112.02092410547368,0.5823977380811132,47.35569451694955,3.709268291322092,64.66538927300644,209.1178137056101,3342.3144157435704,4.611683324452417,110.41666377662528,0.7572963489948374,46.78751276963903,3.854397112607897,63.6295577805535,186.7717686231013,3342.1093659386534,4.2196429742745645,110.44694053345133,0.3718272516625545,47.03210088945532,3.847824061957005,63.41561554539466,202.88191096872563,4519.156719431675,4.271184882523296,140.25583238024004,0.4661230178386381,64.4228424914237,3.80507410221061,75.83358150492337,206.46779819736992,3348.6679446894564,4.311389497914059,109.89404877779744,0.8849623109478527,48.61953217934265,3.426439498275636,61.27525619952688,220.8091470854272,3362.3404550641458,5.3350047015437205,112.08441733977348,1.590719884394027,49.96946737494357,3.7442936683776833,62.115596435393,205.8679247835052,3306.2294368355206,5.508580346066768,110.93882141608466,1.8682849251095013,49.84934651302602,3.640308063201709,61.09023537535101,275.27314587659805,3961.511487893804,12.593027669517628,164.95639130325463,4.770902226589783,79.94955456233882,7.822133568556728,85.0076199631172,114.82204229863383,2130.211272871361,1.9658250998179034,85.5916669556823,0.23692271230685125,38.33525067911695,1.7289058176112575,47.2565591569378,,,,,,,,,,,,,,,,,,,,,,,,,,,,,,,,,,,,,,,,,,,,,,,,
.3.3.2,90.09858406657904,1384.6513036888418,2.6934519483896486,82.22034591463853,0.2929409487537532,35.150830482155214,2.400515831463364,47.070125512896574,70.14194861455127,786.8734999992936,3.518900766084537,105.35555601540672,0.5544089399126961,37.76263668037053,2.9645034558041683,67.59313926726297,80.73912443409019,876.1314816675792,2.489539371346127,98.88254363151265,0.4556121109938178,44.84258888407426,2.033938256221229,54.04055898717759,106.54358899460084,1128.2998608946343,1.4669074996116074,68.51469051805975,0.3567053071565758,34.607972870912754,1.110212261828379,33.90762001773658,90.71749452921613,1394.8215653669288,2.582555925468006,82.32655301319402,0.214944318950408,35.22059017892872,2.3676170154549085,47.10688104108691,135.35060852934342,1621.172223350705,13.5712365900252,143.58741030992414,9.407110735248256,90.56987563134514,4.164131234716049,53.01845144861026,56.64871381834585,995.5887378401588,0.9900671101308968,27.60169533506689,0.15503388767645,12.987500232433389,0.8350534861726903,14.614619650223547,82.02745925014001,1247.7287168047053,2.025224526757647,98.97986505978209,0.3398597149011235,41.941689969725495,1.685488000310578,57.038536987857725,125.398689566758,1480.3686521317509,2.7567610686062163,48.16683277946756,0.4454349129990532,24.00839447142013,2.311327809825139,24.158504006861264,96.7574204038538,1091.294328872869,0.3723668040533075,9.266665026176122,0.2541142891341331,8.555514348104577,0.1182525149191744,0.7111506780715486,133.56441454142538,1605.2815707868428,13.69382480641581,143.2321829949655,9.390490818527228,90.5962529538884,4.303338784392848,52.636537382862414,88.86622821270838,1386.09024411201,2.733510123666082,83.67704520716916,0.3747167929660802,35.45600222815879,2.358794728053383,48.22116579934397,98.59364439280871,1391.0846928208816,2.8197217298970063,82.36115635357993,0.4234228056608827,34.98987458553654,2.396305917438624,47.37159420711656,84.66429707421918,1383.149951920922,2.6341193089333794,82.3702653351145,0.2330870064968853,35.193609708196185,2.401037695174748,47.17725360848974,91.9377776062129,1754.4116670478224,2.6802954573669093,104.110357453654,0.2921082943908769,47.86524859361939,2.3881949986296065,56.245565829391765,97.5992479857854,1392.20193031245,2.804532220442808,82.51790284399327,0.5642672154628293,36.39609053114907,2.2402729545752043,46.12238218183911,104.96314404203756,1400.029598484671,3.541479218831598,84.20564899248276,1.0822233554877894,37.44219906489434,2.45926153428943,46.76394641618245,98.70738267198848,1379.3504090207157,3.67492449293525,83.35731095262132,1.2826877857124617,37.35991218354457,2.392244779992007,45.99798496307409,141.98096498362014,1788.783025588554,8.208831545981223,124.02580696249947,3.1089205300148364,60.2990776423506,5.099916240442376,63.72733243364076,45.28736775124086,788.1427101045355,1.1541108159657116,63.75273639723598,0.1462751709034476,28.679224857803266,1.0078378944204789,35.07362180812193,,,,,,,,,,,,,,,,,,,,,,,,,,,,,,,,,,,,,,,,,,,,,,,,
.1.3.3,127.23997286734712,1580.1604602253344,3.337517894084666,94.88302924515524,0.3240763798490642,39.04857090293273,3.013443653066328,55.835088892312,104.08256788104508,924.3446436856034,4.153718217670738,120.89290847420328,0.6175728764254824,41.09253438529554,3.536153884657913,79.80062832275098,118.7664746719267,1038.0119945804602,2.910760917012172,113.94929461337352,0.4924835891279007,50.27474146348791,2.41828445273107,63.6752302110043,150.87752368087658,1292.8671297577189,1.7592881288255997,79.43724083797593,0.3879561438055741,39.9174463135205,1.3713385751023348,39.52067513013261,128.33041055141967,1595.3334832376893,3.192554221179968,95.15173351097724,0.2171324035689202,39.20906290700615,2.9754241245307087,55.94356465802333,231.3883140167069,2140.3956831883825,28.44076770013912,250.9750758284288,20.63120439945053,176.03522529137172,7.809565595240469,74.94074321964172,77.43348528161339,1124.2100435777286,1.3223044453429609,35.26546782794176,0.2101568512245728,14.953726989925268,1.1121596426560427,20.31225030254318,112.80620603177168,1445.5294448158006,2.6642435922074945,126.07512212705348,0.451858261213483,51.12794866915937,2.212528266318045,74.94755876634538,175.81387493240138,1664.826574555198,3.316119788826911,48.85145438484623,0.5223629208305435,22.994357207456293,2.793757886462941,25.857181463220687,118.328354678246,1164.941658974636,0.3615142624031976,9.629314045792531,0.2280306669885541,8.883696053411812,0.1334835954146433,0.7456179923807189,227.6197256605088,2117.3605865784884,28.59957650002293,250.24642158574665,20.663387134245923,176.4246815201472,7.9361914889717555,73.82236782154698,124.56214354187608,1586.4447274495658,3.4550507971833984,97.77447829480252,0.4331986188505239,39.728331483659154,3.021852775857248,58.04630012327442,144.66623119796017,1596.2181827177517,3.521025037775355,95.1217124817948,0.5216403735629482,39.01676595353242,2.9993899388796232,56.10535227838416,117.18769392846426,1575.0529301826746,3.259025032502332,95.07937636415468,0.2387909468416844,39.073556437095085,3.0202366096406883,56.00644212778892,128.70079654341504,1838.092539681077,3.32751036251536,110.4863303771719,0.3229384835018335,48.11832650524566,3.004576240579915,62.36851593339027,142.20775236323811,1592.4377298515224,3.630298193111332,95.67949468923686,0.8680109824943154,40.96315295479196,2.7622915076506933,54.71701044974438,154.37832890425935,1604.2308259765716,5.4325550317928,99.04096798993746,2.1824040009812657,43.43854061766389,3.250154568351797,55.60296191445259,144.92940564000676,1582.4073861275417,5.782277120208452,98.23493234303191,2.612801235138232,43.52149476072256,3.1694807143308563,54.714070877094336,228.5560181852393,2405.6842094745607,11.59767280271683,160.82166428003438,4.251270517261396,77.09023192802897,7.346405004349394,83.73202532342614,49.71139370491222,701.1991948611472,1.0806969611857882,64.05007490494602,0.11609722127515584,28.03839529226944,0.9646008545842967,36.011820363291754,,,,,,,,,,,,,,,,,,,,,,,,,,,,,,,,,,,,,,,,,,,,,,,,
.2.3.3,196.04793814533505,2647.9157010761537,3.722487488809514,83.30050553332842,0.3642602425876439,34.00566775132351,3.358229448361675,49.29537178992678,155.1170479533168,1422.533898212476,4.633370378274625,105.98176410903837,0.7727771749196537,35.9671319307126,3.860601209000876,70.01484720623301,180.8062520176272,1648.8634029504597,3.265495289506278,99.69000474668252,0.5821545866131962,43.80049776867951,2.6833478208322274,55.89008087873758,239.1228821843256,2266.998863975949,1.999877998214982,69.58979171540362,0.4252794773847207,34.66428130121521,1.5746053598439511,34.92625655095902,196.8967264167975,2670.1192462317126,3.512553335756873,83.47270765068893,0.2232044508266797,34.12711877431752,3.2893512987077926,49.34634601362971,306.6567827352857,3204.102303955132,28.76795071999992,217.305171995648,20.65483602640144,151.4783556030051,8.113117094435452,65.82757241116221,123.613259978974,1988.974768009897,1.39262679103863,30.43650409370079,0.2115197265450584,12.85879302129339,1.1811195266325496,17.57814230837219,177.43081887623453,2384.0532299944525,2.806699316168629,110.12411655188612,0.4705648149600138,44.55442744519169,2.336262303141334,65.57004178306158,273.17506103514154,2883.353579608624,4.381156972584434,44.10521546962324,0.6917098765313414,20.0084337237056,3.689448144915056,24.09685317431132,207.01358708162067,2175.560566673896,0.5428613241397277,8.489086639922242,0.3282367728537109,7.73796555524049,0.2146245512860165,0.7511210846817532,302.56283843956925,3170.5446453926425,28.823464010693275,216.7269741313464,20.54218724768657,151.80737348122727,8.281278949047703,64.92013229872792,190.8983364557077,2648.690517698948,3.666565092919525,85.57663263961742,0.4485530958423709,34.56835324893832,3.218012612337492,51.00840939589361,215.6591433033432,2665.9411433695795,4.03029175481286,83.53257081220745,0.6732556296969842,34.00357705537815,3.3570409945189525,49.529338352384805,183.56055846867352,2643.600898034547,3.644071690235923,83.52046696402495,0.261847702367339,34.01515266321564,3.382226585325271,49.50584120652592,199.3275634959721,3192.2358265059265,3.7087600940474537,97.52300382912335,0.3593823345562685,42.26514956552485,3.349382303549658,55.25828714846294,212.5956988950272,2660.2286419150814,3.729664485622161,83.03949500720285,0.9263732267782568,35.658896222745526,2.803295694455178,47.381165522733376,228.0211911564068,2675.124731493405,5.34374061377097,85.88100198693859,2.0891362820198163,37.766233748328446,3.2546080086871747,48.115221980053455,213.38344761720623,2637.788038557568,5.662331542240234,85.17725806079784,2.4893143677114304,37.83758279634685,3.1730222165594606,47.34021141401635,309.4299666447803,3619.409783484981,11.97442255169378,139.97955851604158,4.368440426615247,66.72226256640732,7.605984952505866,73.2577982534121,89.20534752173698,1277.6421699522298,1.3386467114597458,56.22835385716782,0.13770501372346122,24.4066828340614,1.2009428275298586,31.821790052749975,,,,,,,,,,,,,,,,,,,,,,,,,,,,,,,,,,,,,,,,,,,,,,,,
.3.3.3,92.8060035014444,1141.3872033859684,2.284126101611783,62.155598839569,0.221035494983812,25.504897687960344,2.063092031824022,36.65111267548776,75.93142044476633,660.9129059400535,2.8291804515161103,79.18899034040697,0.4301460156676052,26.86991595803446,2.3990400909481777,52.31924047667102,86.90258968719364,747.0230336466468,1.9806319508266017,74.56835223739999,0.3356025261447106,32.85071915805931,1.645034164207832,41.71807497759208,110.58089846506104,937.6752023226862,1.2057971786761086,51.971472077494056,0.2626287175785816,26.068444927967523,0.9431728541174458,25.903601915090025,93.5881715378581,1152.639204365484,2.1725933848147787,62.32943667829003,0.1448512086704367,25.60680222795138,2.0277437145975385,36.72321794451995,166.09114595625113,1529.0844807021783,19.15700536298964,164.5320331167226,13.857662130704426,115.3008280175323,5.299344762490496,49.23178769240742,56.67489729882306,818.6371942925296,0.8921690285467228,23.05062109585116,0.1398506613689648,9.754307058057652,0.7523263974297536,13.296647136585056,82.41083207761605,1040.4854858424478,1.7891679018242883,82.45481254584587,0.3034016707664803,33.408365470758824,1.4858592793238805,49.04670627900304,128.59510421014502,1209.7732656760377,2.334515434244232,32.116988149406474,0.3677244804671304,15.018863936723582,1.966791632436049,17.098179232630766,86.49940163947586,848.2890412895254,0.2524597883470432,6.295989610100115,0.1597263979663849,5.798560751296606,0.0927333903806583,0.4974288588035081,163.33812716303996,1511.992208903224,19.258157614478613,164.07268204430966,13.849263382755268,115.57815139131856,5.408895646500461,48.49494035092148,90.8260335270741,1145.6153392829694,2.331813292829991,64.0233673166155,0.2890857063454893,25.94977263123081,2.042727984640447,38.07369470768511,105.33163549606616,1153.1526598593305,2.415668030112844,62.31185993855224,0.3626173134530921,25.48646212983448,2.05305419926779,36.82566250174694,85.59840375948129,1137.9088758286907,2.224536107475883,62.29298273981428,0.1601154266573578,25.51885296644017,2.064422362617792,36.77453586113662,93.8175276756534,1322.6783238187136,2.2747304832175805,72.54166177508212,0.2201663866752665,31.537436523359226,2.0545670045877635,41.004559675072855,103.35997556791946,1149.797951252811,2.43301631149942,62.54519314280251,0.5887702386589255,26.759860112843285,1.8442489364792665,35.78576947784946,111.76772131960072,1157.844071662342,3.618314259091835,64.74694177704228,1.4557123393618203,28.38513080983764,2.162604278087552,36.362159722093445,105.01884216575203,1142.312503115263,3.854886520079016,64.22346061509201,1.7459286824063316,28.44274847443189,2.108961057896149,35.78112556288582,165.2401255039583,1740.45334448896,7.787420519869127,105.32708274692078,2.838389733282218,50.39426179589066,4.949032599202124,54.933207957104095,36.03308181952572,495.32653510306085,0.7462116825027844,41.90490520603234,0.07984811316673947,18.308041351994508,0.666364311467142,23.596955742739222,,,,,,,,,,,,,,,,,,,,,,,,,,,,,,,,,,,,,,,,,,,,,,,,
